dernier_soleil,-0.068
défilé_syndicats,-0.125
montagne_longue,-0.021
grande_prière,0.482
heureux_noel,0.324
fou_rire,-0.25
virage_partiel,0.088
lieux_oubliés,-0.031
beauté_artistique,0.573
large_structure,-0.015
faïence_émaillée,-0.018
ville_sale,-0.263
espace_piéton,-0.049
vieux_amants,0.021
faune_sauvage,-0.25
homme_élastique,0.079
jeune_modèle,0.049
episode_neigeux,0.013
jeune_creation,0.009
colourful_sun,0.008
culte_catholique,1.07
chef_sale,-0.548
fille_brune,-0.124
belle_fleur,0.774
petite_aventure,-0.111
oiseau_domestique,0.003
ancienne_demeure,-0.02
immense_jardin,-0.008
grande_aiguille,0.371
sale_printemps,-0.25
ciel_tourmenté,-0.336
jolie_plage,0.502
classe_populaire,0.063
sombre_hiver,-0.187
douce_violence,0.145
azul_suave,0.07
eau_transparente,0.112
jolie_lumière,0.532
pigeons_amoureux,0.25
gros_yeux,0.234
sculpture_super,0.364
paysage_moderne,0.037
miroir_abandonné,0.18
gros_fun,0.519
active_couple,-0.005
troubles_psychiques,-0.544
jeu_long,-0.059
femme_sauvage,-0.272
arbres_magnifique,0.613
long_tour,-0.043
heure_dorée,0.123
couple_amoureux,0.568
fille_sexy,0.894
femme_invisible,-0.141
mont_calme,0.068
rue_intérieure,0.028
edifice_gothique,-0.041
vitrail_moderne,-0.027
jeu_populaire,0.008
homme_souriant,0.11
ambiance_électrique,-0.036
large_graffiti,-0.045
restaurant_bon,0.228
petite_famille,-0.078
jupe_sexy,0.446
fleuve_sauvage,-0.272
magnifique_modèle,1.257
robe_romantique,0.828
rue_sale,-1.022
panorama_naturel,-0.026
grosse_bête,0.046
coeur_ouvert,-0.106
homme_chauve,-0.182
port_industriel,0.039
zone_sombre,-0.187
petite_note,-0.156
rêve_étrange,-0.005
jouet_abandonné,0.055
bâtiment_historique,0.035
regard_lourd,-0.308
jardin_sauvage,-0.272
grand_appartement,0.165
antique_costume,-0.026
gros_jeu,0.046
manifestation_pacifique,0.112
impression_surréaliste,-0.08
vieille_pomme,0.021
trouble_vision,-0.544
site_antique,-0.004
cercle_vicieux,-0.621
homme_invisible,-0.281
deuil_national,-1.282
paysage_magnifique,1.227
zone_aride,0.011
zone_protégé,-0.281
forêt_vierge,0.015
super_building,0.364
rue_pavé,-0.513
beau_mur,0.477
large_prairie,-0.015
sombre_jour,-0.374
gros_bouquet,0.088
véhicule_automobile,-0.035
match_perdu,-0.33
cadrage_interessant,0.203
noble_visage,0.141
guide_spirituel,0.023
faune_tropicale,-0.021
bonne_pierre,0.353
ancien_mannequin,-0.02
tons_bleu,-0.153
ciel_remarquable,0.57
cuisine_rustique,0.003
enfant_naturel,-0.32
miracle_grand,0.541
paysage_industriel,0.078
grande_fête,0.148
simple_solitude,-0.496
exclusive_mode,-0.318
musique_magnifique,1.38
force_vitale,0.091
belle_terrasse,0.125
group_sale,-0.263
bar_vide,0.07
grande_part,0.125
petit_lion,-0.056
grande_parc,0.239
plante_vivace,0.01
beau_quartier,0.477
double_force,-0.027
champ_vide,-0.428
ruine_industrielle,0.078
gare_franche,0.031
pavé_mouillé,-0.002
frustrations_sexuelles,0.034
pays_chaud,0.017
sexy_string,0.446
large_vase,-0.015
nuage_menaçant,-0.367
regard_enfantin,-0.172
annonce_immobilière,-0.013
ville_insolite,-0.039
souvenirs_oubliés,-0.031
ambiance_dramatique,0.045
jardin_royal,0.029
chemin_romantique,0.829
amour_perdu,-0.33
jolie_mome,0.246
bonne_maman,1.471
petit_beurre,-0.056
décor_antique,-0.013
mauvais_poil,-0.468
prêtre_catholique,0.098
espace_sauvage,-0.25
mariage_religieux,-0.02
regard_méchant,-1.191
lumière_boréale,0.045
vegetation_tropicale,-0.047
arme_automatique,-0.044
grande_résistance,0.125
verre_contemporain,0.003
belles_femmes,0.238
seul_soir,0.062
mauvaise_humeur,-1.714
rue_étroite,0.031
chat_magnifique,1.227
collection_complète,0.148
petit_col,-0.158
pasteles_originales,-0.031
cable_electrique,-0.036
chapelle_catholique,0.098
pluie_forte,-0.013
oeuvres_diverses,-0.031
beau_citron,0.477
fort_rouille,0.003
folie_douce,0.389
petite_cascade,-0.656
industrie_lourde,-0.027
paysage_sombre,-0.39
chien_doux,-0.29
gestion_écologique,-0.004
vie_saine,0.428
château_royal,0.029
voyage_imaginaire,-0.281
homme_seul,0.063
miroir_antique,-0.026
jus_frais,-0.355
conte_fantastique,0.562
jouet_plastique,0.083
beau_vélo,0.252
vieille_mosquée,0.021
enfant_heureux,0.652
église_saint,0.062
vieux_chien,0.043
grande_culture,0.535
petit_tour,-0.157
centre_ancien,-0.02
paysage_désert,-0.266
édifice_religieux,-0.01
centre_aéré,0.009
eau_plate,-0.042
forêt_imaginaire,-0.281
île_fantastique,0.25
mission_humanitaire,0.098
paysage_pittoresque,0.062
bizarre_sculpture,-0.128
vieux_garage,0.021
bois_humide,-0.002
vive_festival,0.009
temps_pluvieux,-0.031
sol_pavé,-0.008
petit_foret,-0.078
petite_galerie,-0.078
village_médieval,-0.003
belle_Île,0.363
simple_silence,-0.328
jeune_faune,0.009
lumière_naturel,-0.053
saint_lord,0.062
paysage_romantique,0.828
personne_seule,0.031
dessin_contemporain,0.003
vieux_couvent,0.021
magnifique_vue,1.227
chaise_vide,0.07
vielle_porte,0.021
abandon_mental,-0.127
jeune_bébé,0.519
grands_ensembles,0.04
développement_personnel,0.025
fleurs_peintes,-0.01
grande_vallée,0.148
pente_douce,0.147
montage_double,0.031
belle_mer,0.727
festival_classique,0.039
long_front,-0.021
vieux_batiment,0.021
bizarre_festival,-0.203
milieu_naturel,-0.026
sombre_ombre,-0.397
paysage_historique,0.07
architecture_classique,0.022
hopital_abandonné,0.078
basse_île,-0.139
foi_catholique,0.695
avion_raté,-0.375
belle_case,0.75
harmonie_musicale,0.158
grand_jardin,0.165
pays_niçois,0.252
bol_vide,0.141
coeur_blessé,-1.062
faux_illustration,-0.638
beau_visage,0.477
théatre_antique,-0.004
vagues_geantes,0.07
fausse_alerte,-0.388
moment_historique,0.08
belle_voix,0.733
train_abandonné,0.028
forêt_lugubre,-0.196
bizarre_architecture,-0.203
arbre_singulier,-0.011
sable_sombre,-0.187
union_trouble,-0.318
belle_fille,0.73
petit_palace,-0.078
bois_brut,-0.216
violent_femme,-0.16
petit_coin,-0.156
chapelle_orthodoxe,0.065
ancien_village,-0.004
jeune_entreprise,0.035
sexy_foot,0.446
agriculture_biologique,0.044
arbre_caché,-0.138
vieux_moine,0.021
long_theatre,-0.021
pure_solitude,0.065
scène_vide,0.149
ile_plane,-0.036
accueil_chaleureux,0.122
petite_nature,-0.078
temps_passé,-0.031
nature_insolite,-0.039
festival_religieux,-0.01
scène_insolite,-0.105
personne_importante,0.11
petit_magasin,-0.078
chic_bracelet,0.125
énorme_frayeur,-0.782
femme_gracieuse,0.07
chambre_romantique,0.414
ballet_contemporain,0.003
grande_architecture,0.239
architecture_populaire,0.004
fleurs_cultivées,0.068
jour_ensoleillé,0.509
sale_nuit,-0.543
petite_pensée,-0.201
belle_mode,0.789
chat_sauvage,-0.594
grand_papier,0.165
petit_bichon,-0.078
musée_antique,-0.013
roman_érotique,0.196
peau_douce,0.116
chien_bizarre,-0.434
future_ville,0.004
aquarium_sale,-0.263
serveur_fou,-0.127
nature_bucolique,0.004
livres_anciens,0.021
beau_ciel,0.977
chien_battu,0.14
jardin_historique,0.035
petit_moine,-0.056
objet_naturel,-0.062
jeune_ado,0.009
prise_électrique,0.012
grande_plage,0.239
vue_exterieure,0.141
marais_salant,-0.281
foret_fantastique,0.281
étrange_nuage,-0.091
collage_artistique,0.193
insolite_voyages,-0.039
espace_protégé,-0.564
front_large,0.068
immeuble_abandonné,0.028
merveilleuse_nature,0.612
fleur_imaginaire,-0.562
atmosphère_onirique,0.024
petit_espace,-0.158
gros_chien,0.046
visions_fugitives,-0.125
lumière_intense,0.108
bonne_blague,0.125
mode_bizarre,-0.406
mine_abandonnée,0.028
marée_noire,0.132
forme_sombre,-0.374
ambiance_romantique,0.906
compagnon_domestique,0.002
hotel_moderne,0.018
déesse_gracieuse,0.07
rideau_déchiré,-0.203
jour_heureux,0.657
super_village,0.364
ancienne_mine,0.021
douce_ambiance,0.073
femme_fatale,-0.287
cabinet_médical,0.008
vieux_toits,0.021
lente_chute,-0.587
chapeau_typique,0.089
enfants_perdus,-0.165
soirée_artistique,0.193
desaturation_partielle,0.088
bâtiment_ancien,0.021
petite_riviere,-0.078
chien_triste,-1.465
terre_aride,0.024
humeur_sombre,-1.374
quiet_moment,-0.115
petite_nuit,-0.174
esprit_pur,0.104
haute_vitesse,0.025
oiseaux_morts,-0.355
maison_vide,0.07
plante_tropicale,-0.059
femme_seul,0.031
lac_gelé,-0.119
grand_duc,0.707
grande_limace,0.33
village_typique,0.044
pause_lente,-0.062
environnement_naturel,-0.026
bois_tropical,-0.021
livre_secret,0.006
attractive_couple,0.306
graffiti_analogue,0.062
eau_lourde,-0.027
double_case,-0.027
belle_plante,0.727
voiture_ancienne,0.021
escalier_romantique,0.414
produits_naturels,-0.026
regard_intense,0.068
jeune_pêcheur,0.009
belle_lumière,0.767
ciel_dégagé,0.668
petit_croix,-0.75
petit_fleur,-0.156
petit_bijoux,-0.156
passage_grave,-0.573
site_sensible,-0.037
beaux_bijoux,0.493
simple_tour,-0.241
théâtre_magique,-0.031
lieu_sacré,0.07
maquillage_bio,0.044
vie_pratique,0.066
petits_animaux,-0.078
évènement_artistique,0.193
four_royal,0.029
territoires_occupés,-0.006
visite_historique,0.035
petite_salle,-0.156
petite_vie,-0.607
petite_classe,-0.156
belle_famille,0.363
paysage_incroyable,0.219
petit_papier,-0.078
monument_religieux,-0.02
vieux_souvenir,0.046
regard_mystérieux,-0.07
objet_remarquable,0.07
restaurant_antique,-0.004
mauvaise_situation,-0.727
arc_plein,-0.117
architecture_naturelle,-0.026
canard_gras,-0.125
espace_plein,-0.236
groupe_sculpté,0.07
site_baroque,-0.011
petit_appareil,-0.165
ciel_menaçant,-0.281
pièce_vide,0.176
vieux_quai,0.021
paysage_paisible,0.062
grand_lac,0.239
cheveux_ondulés,-0.008
maison_inhabitée,-0.125
ville_historique,0.035
randonnée_sauvage,-1.051
homme_ideal,0.189
longue_piste,-0.048
cheval_couché,-0.375
rare_star,-0.078
air_frais,-0.177
espace_contemporain,0.005
jeune_modele,0.049
autre_jour,-0.016
beau_jour,0.486
grave_protection,-0.638
unique_pin,-0.068
tête_grotesque,-0.265
ancien_hôpital,-0.02
haute_culture,0.105
sanatorium_abandonné,0.055
beau_quai,0.238
bonne_baignade,0.353
cimetière_orthodoxe,0.065
belle_maison,0.363
vieille_mode,0.105
algue_filamenteuse,0.016
cap_méchant,-0.973
neige_éternelle,0.019
grand_capelet,0.239
rayon_lumineux,-0.009
ciel_orageux,-0.586
café_branché,0.125
petit_fenêtre,-0.078
séjour_romantique,0.906
vie_rude,-1.284
grand_passage,0.239
foret_sauvage,-0.272
formule_mathématique,0.169
voiture_bizarre,-0.172
cloisons_amovibles,0.098
énergie_electrique,0.102
vélo_ancien,0.021
beauté_pure,0.253
danse_sauvage,-0.272
beau_marche,0.479
belle_collection,0.377
belle_île,0.363
étrange_atmosphère,-0.003
neige_immaculée,-0.008
grande_journée,0.488
coloured_flowers,-0.031
air_heureux,0.648
cathédrale_moderne,0.068
belle_foret,0.363
petit_cheval,-0.056
musique_concrète,0.317
vieux_bateau,0.021
route_fleurie,0.035
royal_transport,0.029
vieille_auto,0.021
jardin_secret,0.006
volets_fermés,-0.032
temple_historique,0.074
cadeaux_unique,0.049
petit_soir,-0.078
petit_nature,-0.078
anciens_temps,-0.008
beauté_divine,0.381
petits_plaisirs,-0.078
arbre_enneigée,0.013
froid_vent,-0.433
pluie_abondante,-0.013
tram_ancien,0.021
langue_sainte,0.062
visage_expressif,0.125
mauvais_traitement,-0.125
maladie_mentale,-0.544
bibliothèque_vide,0.144
sports_automobiles,-0.035
super_silhouette,0.729
grande_eglise,0.165
paysage_vierge,-0.032
petit_pin,-0.078
coupe_vide,0.143
air_paisible,-0.058
famille_royal,0.029
edifice_remarquable,0.035
animaux_morts,-1.211
chemin_obscur,-0.062
arbre_hanté,0.036
plan_carré,-0.032
bois_pourri,-0.364
feuilles_morte,-0.105
paysage_escarpé,-0.032
fantaisie_naturelle,-0.183
oeil_vide,0.254
paysage_enneigé,0.026
cigarette_sale,-0.263
prix_jeune,1.075
manifestation_religieuse,-0.01
ville_contemporaine,0.003
oiseaux_sauvage,-0.272
médecine_naturelle,-0.053
grand_vision,0.479
pauvre_con,-0.375
paysage_apaisant,-0.071
bon_désir,0.455
mouvement_flou,-0.391
maison_délabrée,-0.07
recette_originale,-0.031
symbole_religieux,-0.01
vieux_donjon,0.048
beauté_naturelle,-0.053
beau_pays,0.238
musee_moderne,0.018
belle_époque,0.125
collage_plates,-0.036
parc_sauvage,-0.25
nourriture_traditionnelle,0.125
village_médiéval,-0.003
carotte_sauvage,-0.272
chat_doux,-0.113
vieux_panier,0.021
rare_duo,-0.082
regard_sauvage,-0.574
phénomène_naturel,-0.053
cuisine_authentique,0.048
jeune_couple,0.019
activité_traditionnelle,0.128
petite_feuille,-0.078
couple_heureux,0.648
belle_plaisance,0.727
grosse_araignée,0.023
nourriture_typique,0.089
vieux_banc,0.054
beau_bras,0.238
ciel_menacant,-0.281
arbre_isolé,0.003
maison_abandonnée,0.028
front_froid,-0.435
décor_naturel,-0.026
fer_rouillé,-0.102
bonne_femme,0.125
cendrier_vide,0.07
quartier_sensible,-0.037
cirque_aérien,-0.081
batiment_ancien,0.021
atelier_abandonné,0.028
sable_chaud,0.017
garde_haute,0.025
intégrisme_religieux,-0.01
obscure_imagination,-0.171
arbre_vénérable,0.098
grosse_patate,0.023
nuit_imaginaire,-0.58
belle_histoire,0.727
excellent_invite,0.115
bain_sacré,0.062
grand_panda,0.196
neige_gelée,-0.119
ciel_peint,-0.02
petit_poisson,-0.078
regard_dur,-0.14
rue_petit,-0.653
île_imaginaire,-0.281
cool_place,0.629
raide_mort,-1.237
temps_ensoleillé,0.75
religion_populaire,0.004
église_byzantine,0.021
peur_bleue,-0.782
batiment_industriel,0.039
theatre_antique,-0.004
grenier_abandonné,0.028
coloured_tattoo,-0.031
dessins_rigolo,-0.047
touriste_perdu,-0.392
usage_unique,0.312
antique_case,-0.026
studio_simple,-0.193
vies_brisées,-0.03
crise_économique,0.062
papier_doré,-0.004
lumière_artificielle,-0.208
pur_bonheur,1.573
antique_place,-0.004
musique_originale,-0.062
mine_désaffectée,-0.008
basse_mer,-0.277
vieux_quebec,0.021
appartement_vide,0.07
secteur_pavé,-0.008
femme_adulte,0.059
paradis_tropical,-0.043
eau_acide,-0.219
petit_pouvoir,-0.156
jeu_ancien,-0.025
monde_flou,-0.258
chat_adorable,0.25
terre_naturelle,-0.109
belle_femme,0.363
jardin_abandonné,0.028
moment_intime,0.224
pont_froid,-0.216
monuments_modernes,0.018
lieu_perdu,-0.165
beau_garçon,0.64
petit_manège,-0.128
festival_populaire,0.004
crépuscule_nuageux,-0.031
voiture_cachée,-0.138
espace_clos,-0.19
grand_union,0.165
mauvais_sang,-0.357
mariage_mixte,-0.023
femme_brune,-0.124
future_parc,0.004
frêne_commun,-0.041
abattoir_fermé,-0.07
jour_lumineux,0.028
argent_doré,0.018
gros_port,0.04
vieux_train,0.021
grave_pays,-0.286
petits_fleurs,-0.078
histoire_naturelle,-0.026
amour_éternel,1.641
ciel_dramatique,0.59
peinture_moderne,0.018
vieux_liège,0.021
long_canal,-0.021
effet_flou,-0.273
eau_lente,-0.062
studio_bizarre,-0.203
vieux_métro,0.021
village_romanesque,0.039
château_médiéval,-0.003
mur_ancien,-0.057
bois_ciré,0.037
sexy_boutique,0.446
vent_violent,-0.319
éclairage_continu,-0.129
large_palace,-0.015
maison_étrange,-0.003
nature_sauvage,-0.25
poid_lourd,-0.277
belle_prise,0.755
petit_paysage,-0.172
petite_passage,-0.078
fête_triste,-0.643
endroit_abandonné,0.028
monument_historique,0.075
grand_froid,0.067
parcours_accrobatique,0.07
parfait_amour,2.045
histoire_drôle,-0.117
election_présidentielle,-0.031
critique_sociale,0.036
belle_promenade,0.755
message_personnel,0.025
camping_sympa,0.252
belle_nature,0.777
danse_sexy,0.446
outil_préhistorique,-0.093
rivière_sauvage,-0.272
meilleur_sourire,1.078
petit_mur,-0.205
magazine_grand,0.239
lumière_douce,0.273
boutique_sale,-0.263
balade_romantique,0.414
eglise_gothique,-0.041
douce_nature,0.345
large_restaurant,-0.015
hopital_desaffecté,0.078
marché_ancien,0.021
décor_impressionnant,0.289
petit_temple,-0.156
ruelle_vide,0.07
bouche_bée,-0.032
mur_peint,-0.069
amour_infini,-0.055
ombre_solitaire,-0.078
couleur_sombre,-0.498
excellent_architecture,0.115
jeune_araignée,0.009
chat_bizarre,-0.408
plage_vide,0.07
gare_sombre,-0.187
chat_maigre,-0.15
appareil_compact,0.094
belle_tempête,0.727
face_monotone,-1.322
ciel_couchant,0.508
energie_electrique,0.102
petit_fille,-0.111
zoo_bizarre,-0.203
garde_vierge,-0.22
vieux_temple,0.047
regard_triste,-1.317
eau_rapide,0.128
maison_seule,0.031
collier_unique,0.049
perles_dorées,0.123
double_composition,0.031
hôpital_abandonné,0.078
nature_prime,0.281
grand_lieu,0.239
enfant_sauvage,-0.543
chapeau_bizarre,-0.437
performance_technique,0.069
massage_thérapeutique,0.192
volaille_morte,-0.105
insolite_place,-0.039
beauté_singulière,-0.021
heureux_evenement,0.324
jouet_ancien,0.043
eau_minérale,-0.008
qualité_supérieure,1.124
petit_endroit,-0.078
vieux_journal,0.021
pur_espace,0.065
capitale_historique,0.035
lac_paisible,0.031
habit_traditionnel,0.125
mauvais_garçon,-0.714
voie_sainte,0.126
super_sable,0.297
patrimoine_médiéval,-0.005
fragile_passion,-0.259
mode_moderne,0.099
plein_jeu,-0.251
belle_ile,0.363
évolution_artistique,0.193
affiche_déchirée,-0.203
ballon_perdu,-0.165
couple_jolie,1.007
rue_piétonnière,-0.544
grand_confort,0.125
poteau_électrique,-0.079
mariage_saint,0.062
journée_calme,0.144
arbre_extraordinaire,0.006
special_humour,0.047
ruine_antique,-0.693
épanouissement_personnel,0.025
divine_comédie,0.097
verde_brillante,0.122
sol_plane,-0.036
fleur_vivace,0.052
pleine_lumière,0.056
tour_hantée,0.078
bon_esprit,0.494
grande_sport,0.239
nature_tranquille,0.068
eau_naturelle,-0.053
pays_froid,-0.216
paysage_traditionnel,0.125
ancien_lit,0.045
renaissance_baroque,-0.011
pierres_dorées,0.123
zoo_sauvage,-0.272
joyeux_mariage,0.433
bons_restaurants,0.228
petits_mots,-0.12
visage_régulier,-0.044
grand_écran,0.148
manoir_hanté,0.036
miel_biologique,0.097
région_sauvage,-0.25
outil_ancien,0.043
jambes_sexy,0.953
fleur_sauvage,-0.25
jeunes_hommes,0.009
vêtement_sombre,-0.187
fort_camp,0.003
eglise_moderne,0.018
maison_calme,0.068
robe_traditionnelle,0.125
arc_antique,-0.004
tourisme_authentique,0.048
grand_oeuvre,0.481
hangar_abandonné,0.028
chambre_classique,0.113
petites_annonces,-0.078
large_bicycle,-0.015
station_abandonnée,0.028
pluie_acide,-0.11
vie_réelle,-0.515
hôpital_désaffecté,0.078
architecture_traditionnelle,0.062
paysage_sauvage,-0.25
abonné_absent,-0.464
exploration_nocturne,0.024
fond_lumineux,0.021
batiment_religieux,-0.01
patrimoine_religieux,-0.02
serpent_venimeux,-1.365
moderne_bar,0.018
grand_soleil,0.333
surface_synthétique,-0.169
chien_curieux,-0.471
petits_chemins,-0.078
haut_glacier,0.025
lampe_antique,-0.013
face_antique,-1.018
train_historique,0.035
entrepôt_vide,0.07
triste_capture,-1.786
usine_abandonnée,0.028
dernière_soirée,-0.034
personne_riche,0.062
federation_anarchiste,-0.125
crique_naturelle,-0.026
double_stage,0.265
faux_pierre,-0.5
magasin_vide,0.07
regard_sérieux,-0.104
sainte_nuit,0.125
regard_sombre,-0.374
doux_moment,-0.111
sculpture_funéraire,-0.062
corps_svelte,0.031
nature_haute,-0.026
fleurs_diverses,-0.015
vieux_marseille,0.021
effet_ancien,-0.043
bateaux_abandonnés,0.028
chat_âgé,0.043
bois_sombre,-0.187
jolie_lapin,0.246
chapeau_original,-0.093
ville_moderne,0.018
douleur_exquise,0.172
sentier_romantique,0.414
bizarre_nature,-0.203
chien_dangereux,-0.906
cloison_amovible,0.098
mur_sale,-0.574
coiffure_mixte,-0.011
composition_technique,0.026
petite_fleur,-0.156
passage_sombre,-0.187
galeries_modernes,0.018
galet_rond,0.024
grand_record,0.497
costume_traditionnel,0.125
scène_romantique,0.828
cathedrale_catholique,0.226
vieille_roche,0.05
gravure_ancienne,-0.052
musée_vide,0.07
portrait_naturel,-0.026
grande_kermesse,0.346
vitre_mouillée,-0.002
soleil_éclatant,0.019
verre_vide,0.07
developpement_durable,0.196
restaurants_authentiques,0.048
matin_brumeux,-0.248
maison_sale,-0.263
pêcheur_solitaire,-0.028
usine_desaffectée,-0.008
vieux_objets,0.021
jolie_demoiselle,0.495
garde_royal,0.029
jardin_naturel,-0.026
tableau_religieux,-0.01
petit_girl,-0.111
automne_beau,0.238
clown_triste,-1.342
architecture_remarquable,0.035
petit_garage,-0.078
rue_piéton,-0.544
mer_gelée,-0.244
jolie_feuille,0.246
gros_mort,0.125
fruits_frais,-0.177
belle_plage,0.363
esclavage_moderne,0.037
grand_corbeau,0.125
pain_frais,-0.177
eau_pure,0.068
masque_ancien,-0.012
texture_naturelle,-0.053
arbre_couché,-0.385
edifice_religieux,-0.01
petite_scène,-0.156
tombes_ouvertes,-0.053
lit_double,-0.054
jeune_feuille,0.009
petit_homme,-0.111
pauvre_enfant,-0.362
petite_perle,-0.111
chambres_romantiques,0.039
lac_sacré,0.07
forêt_primaire,0.064
glace_froid,-0.26
bon_sens,-0.537
boisson_chaude,0.047
prêtre_réfractaire,-0.128
grand_manège,0.479
belle_vallee,0.363
petit_poison,-1.127
moi_jeune,0.009
peinture_romantique,0.414
joli_ciel,-0.008
hiver_froid,-0.216
chat_abandonné,0.055
toit_doré,0.123
double_service,0.031
sport_technique,0.053
calme_tranquilité,0.271
construction_vide,0.07
rue_droite,-0.516
verre_ancien,0.021
grande_roue,0.125
couvent_abandonné,0.028
petit_château,-0.078
camping_calme,0.068
ressource_naturelle,-0.026
jeune_danseuse,0.009
enfance_perdue,-0.165
vision_floue,-0.294
belle_jeunesse,0.737
agriculture_industrielle,0.09
ancienne_mer,-0.013
cheveux_fou,-0.127
huile_essentielle,0.116
meilleur_restaurant,0.281
vide_grenier,0.07
arbre_tropical,-0.021
lumière_dorée,0.287
sombre_sang,-0.187
empty_theatre,0.07
mont_sacré,0.07
eaux_nocturnes,0.011
tradition_populaire,0.016
jeune_entrepreneur,0.009
bon_oeil,0.568
amour_malade,-0.75
place_royale,0.061
famille_royale,0.029
smart_sport,0.056
salon_moderne,0.018
femme_triste,-0.643
fenêtre_sale,-0.263
belle_rue,0.727
large_monument,-0.029
humour_bizarre,-0.406
ancien_hopital,-0.02
temps_perdu,-0.33
catastrophe_naturelle,-1.683
large_sculpture,-0.015
églises_catholiques,0.098
église_colorée,0.003
ancien_gare,-0.01
eau_calcaire,-0.109
col_beau,0.238
chateau_abandonné,0.028
analogic_argentique,0.018
royal_chair,0.029
architecture_imaginaire,-0.281
petit_rhinolophe,0.005
lac_vide,0.07
hautes_montagnes,0.025
fenêtre_cassée,-0.03
vieux_pistons,0.021
mer_dorée,0.247
jeunes_socialistes,0.009
gel_glacé,-0.119
barque_solitaire,-0.028
zone_abandonnèe,0.028
piscine_classique,0.08
grande_fleur,0.377
sainte_mère,0.062
belle_rivière,0.363
journée_ensoleillée,0.259
prise_longue,-0.021
personnes_âgées,0.282
grande_chambre,0.365
fraicheur_matinale,0.033
grand_parquet,0.165
vieux_bâtiments,0.021
femme_pensive,-0.068
triste_sire,-1.868
aspects_positifs,0.052
affichage_sauvage,-0.272
bébé_heureux,1.148
grande_poste,0.239
grande_luxe,0.33
représentation_artistique,0.387
grandes_dents,0.04
grand_bois,0.165
église_orthodoxe,0.065
mauvais_rêves,-0.357
traitement_croisé,-0.195
grande_tour,0.335
arbre_ancien,0.021
petits_symboles,-0.078
mouvement_moderne,0.037
femme_gothique,-0.041
adorable_couple,0.32
métal_rouillé,-0.102
chambre_insolite,-0.078
petit_mec,-0.056
dame_seule,-0.136
densité_neutre,-0.076
belle_robe,0.727
personnage_imaginaire,-0.562
piscine_vide,0.143
petite_fée,-0.119
sac_antique,-0.042
demi_portrait,-0.024
nature_critique,-0.214
grand_jeu,0.479
bouteille_vide,0.07
matin_tranquille,0.068
petite_joie,-0.111
quartier_populaire,0.004
moustache_ridicule,-0.094
super_lumière,0.634
large_pot,-0.015
centre_industriel,0.039
grande_arche,0.149
double_chance,-0.027
lumiere_naturel,-0.053
jardin_romantique,0.414
haute_seine,0.025
maison_ancienne,0.021
croix_orthodoxe,0.13
belle_lune,0.73
vieille_tombe,0.043
beau_garde,0.238
restaurant_populaire,0.004
ciel_immense,-0.016
simple_pose,-0.12
ile_tropicale,-0.021
gros_dos,0.023
ville_sainte,0.062
dessin_ancien,0.021
longue_mer,-0.047
mer_tourmentée,-0.341
sale_face,-1.535
petite_rue,-0.653
fleurs_fanées,0.059
théâtre_désaffecté,0.028
regard_perdu,0.39
personne_âgée,0.5
fleur_coupée,0.068
particules_élémentaires,-0.029
coin_calme,0.156
amour_tendre,-0.053
arbre_dénudé,-0.068
bois_texturé,0.008
jour_vide,0.15
anatomie_comparée,-0.094
route_historique,0.035
herbe_sauvage,-0.272
île_ronde,0.024
haute_maison,0.025
jardin_tropical,-0.021
psychologie_positive,0.052
cercle_magique,-0.031
ambiance_calme,0.102
douce_mélancolie,0.389
moitié_vide,-0.024
trouble_table,-0.318
maquillage_naturel,-0.026
collier_ethnique,-0.098
petite_plante,-0.172
scandale_écologique,-0.57
mauvaise_grève,-1.162
jeune_chat,0.019
mémoire_industrielle,0.081
bonne_fille,0.708
petite_tour,-0.156
belle_pub,0.377
gros_detail,0.128
grand_centre,0.48
ciel_electrique,-0.073
antique_architecture,-0.004
cordes_sensibles,-0.125
habitat_populaire,0.004
développement_durable,0.196
court_intérieur,0.031
vie_vide,0.141
impression_artistique,0.385
chemin_naturel,-0.053
croix_catholique,0.195
monde_perdu,-0.165
vieux_tronc,0.021
vase_plastique,0.042
paysage_simple,-0.257
vieux_miroir,0.168
bâtiment_religieux,-0.01
soirée_cool,0.282
îles_sanguinaires,-0.028
vélo_cassé,-0.03
anciennes_pierres,-0.004
architecture_industrielle,0.039
chat_domestique,0.003
vitre_brisée,-0.03
chien_adorable,0.25
vieille_abbaye,0.021
fleur_fanée,-0.25
paysage_brumeux,-0.391
grosse_face,0.046
lampadaire_naturel,-0.026
ruelle_sombre,-0.187
vieux_manoir,0.021
hall_vide,0.07
belle_ville,0.363
fete_traditionnelle,0.062
hotels_historiques,0.035
large_production,-0.015
jeune_famille,0.009
plat_pot,-0.036
vieux_fer,0.021
bar_coloré,-0.031
vieille_fenetre,0.021
massive_culture,0.138
grands_espaces,0.04
grande_marée,0.315
double_diesel,0.031
marais_sauvage,-0.272
mariage_orthodoxe,0.065
demi_sourire,-0.047
vieille_façade,0.043
homme_chic,0.251
regard_moqueur,-0.383
tag_triste,-0.643
vieux_couple,0.043
pin_sauvage,-0.25
petite_souris,-0.131
machine_industrielle,0.039
place_sale,-0.525
jolie_bébé,0.992
bonheur_simple,-0.241
vieux_cochon,0.043
oiseau_étrange,-0.018
lumière_chaude,0.06
femme_sensuelle,-0.031
jeunes_femmes,0.009
belle_ambiance,0.377
siècle_passé,-0.031
petit_groupe,-0.078
studio_créatif,0.035
petit_matin,-0.344
bride_fine,0.002
grosse_mer,-0.013
vieux_magasin,0.021
source_miraculeuse,0.152
vision_large,0.068
yeux_doux,-0.267
jardin_oublié,-0.165
drame_romantique,1.031
milieu_sauvage,-0.25
polaroid_instantané,-0.013
sombre_riviere,-0.187
enfant_perdu,-0.33
réussite_professionnelle,0.13
œil_triste,-1.286
beaux_villages,0.238
petite_peinture,-0.078
vieille_dame,0.048
amour_caché,-0.276
vieux_balcon,0.021
beau_sol,0.238
cars_grand,0.165
pierre_dorée,0.123
matin_ensoleillé,0.25
vieux_trucs,0.043
transport_exceptionnel,-0.01
cap_brulé,-0.348
soin_bio,0.089
royal_wagon,0.029
large_pipe,-0.015
corps_astral,0.031
yeux_aveugles,-0.521
belle_eau,0.73
grand_prieure,0.239
journal_con,-0.375
long_reflet,-0.042
paysage_mystérieux,-0.055
amour_fou,-0.293
intérieur_contemporain,0.003
porte_ouverte,-0.053
vent_fort,0.007
vif_argent,-0.124
ciel_animé,0.57
vieux_modèle,0.073
fleur_ronde,0.094
petit_travers,-0.035
siège_pliant,0.141
mauvais_rêve,-0.714
ancien_temple,-0.008
jolie_nature,0.246
belle_affiche,0.363
chiffres_rugueux,-0.144
service_religieux,-0.01
gros_mots,0.046
large_studio,-0.015
station_électrique,-0.036
vieilles_voitures,0.021
chat_curieux,-0.294
theatre_professional,0.006
scène_tranquille,0.258
grand_chaos,0.479
vieille_peinture,0.021
musée_bizarre,-0.203
vieux_souk,0.021
seul_oiseau,-0.149
magnifique_sourire,1.743
marché_moderne,0.018
grande_espace,0.33
jeune_peintre,0.009
jardin_moderne,0.018
eau_sauvage,-0.543
magasin_ancien,0.021
assiette_plate,-0.036
village_pittoresque,0.082
expression_populaire,0.008
endroit_dangereux,-0.363
petit_pêcheur,-0.056
cendrier_extérieur,0.004
femme_jolie,0.246
massage_relaxant,0.07
culte_religieux,-0.02
mariage_improbable,-0.214
petit_plaisir,-0.156
reportage_spécial,0.006
personnes_handicapées,-0.281
aide_humanitaire,0.246
paysage_pur,0.065
modele_sexy,0.921
patrimoine_naturel,-0.053
forêt_ancienne,-0.004
femme_mature,0.009
maison_hantée,0.036
bonne_neige,0.353
milieu_tropical,-0.086
honnête_homme,0.113
lieu_vide,0.07
parc_romantique,0.414
hotel_hanté,0.036
sainte_gemme,0.187
enfant_souriant,0.113
excellent_question,0.23
vie_sauvage,-0.75
ange_heureux,0.652
vêtements_décontractés,-0.094
volet_fermé,-0.144
vieux_wagon,0.021
mer_transparente,0.109
commercial_place,-0.19
monde_magique,-0.031
petit_plage,-0.078
insecte_ravageur,-0.125
eau_bénite,0.128
sainte_chapelle,0.062
éternelle_beauté,0.227
long_fleuve,-0.021
chemin_vide,0.07
belle_soirée,0.363
long_site,-0.021
beau_lieux,0.238
soleil_royal,0.062
anti_mode,-0.141
large_machine,-0.015
reflets_nocturnes,0.004
petit_festival,-0.078
forêt_mixte,-0.011
bonne_marche,0.707
plane_alliance,-0.036
grande_sensibilité,0.125
église_haute,0.025
pont_abandonné,0.028
papier_sale,-0.263
chateau_hanté,0.036
douce_expression,0.389
train_direct,-0.035
musée_moderne,0.018
yeux_sombre,-0.374
petite_plage,-0.078
ciel_nuageux,-0.016
église_chrétienne,0.035
fleur_unique,-0.136
double_fin,0.062
terrasse_agreable,0.234
lentes_vintage,-0.07
developpement_personnel,0.025
petit_espoir,-0.111
fort_manoir,0.002
église_hantée,0.036
souffrance_physique,-1.982
petit_voyage,-0.078
grande_région,0.626
cuisine_traditionnelle,0.062
ancien_escalier,0.021
vent_doux,-0.205
ciel_coloré,0.26
magnifique_voyage,0.656
village_abandonné,0.028
projet_statique,-0.19
temps_violent,-0.228
visage_drôle,-0.104
adorable_girls,0.16
mur_vierge,-0.263
paysage_montagneux,-0.026
petit_faune,-0.078
roman_populaire,0.004
patrimoine_abandonné,0.059
vieux_volet,0.021
femme_chic,0.125
antique_temple,-0.008
future_mannequin,0.038
faucheurs_volontaires,0.019
beau_transport,0.228
chien_drôle,-0.273
rue_calme,0.135
sainte_tombe,0.125
fete_médiévale,-0.003
petite_mains,-0.078
espèce_menacée,-0.124
mobilité_réduite,-0.039
autos_anciennes,0.021
maison_magnifique,0.613
portrait_vivant,0.051
couloir_abandonné,0.028
soleil_brillant,0.022
petit_soleil,-0.156
robes_anciennes,0.021
ancien_couvent,-0.01
guerres_saintes,0.125
beau_rang,0.238
lumière_paisible,0.048
architecture_interieure,0.014
homme_couché,-0.375
bonne_fête,0.324
grave_texture,-0.573
beau_chat,0.477
bâtiment_moderne,0.018
tribunal_révolutionnaire,0.046
longue_ouverture,-0.042
sauvage_studio,-0.272
belle_face,0.727
papier_mouillé,-0.002
bébé_doux,-0.111
grand_voyage,0.104
personnes_concernées,-0.018
theatre_royale,0.029
sexy_mode,0.891
belle_silhouette,0.363
sueurs_froides,-0.091
chanson_triste,-0.643
haute_architecture,0.025
ville_abandonnée,0.028
antique_chaise,-0.013
phénomènes_naturels,-0.026
vieux_moulin,0.021
petite_point,-0.078
masque_grotesque,-0.246
belle_voiture,0.377
triple_autoportrait,0.004
tourisme_industriel,0.039
rochii_elegante,0.091
histoire_courtes,-0.176
large_plants,-0.015
vie_tranquille,0.135
long_port,-0.021
batiment_abandonné,0.028
document_administratif,0.031
oiseaux_tristes,-0.268
bon_génie,0.228
classe_ouvrière,0.071
belle_port,0.363
idéal_facteur,0.094
jolie_grenouille,0.41
vue_cachée,-0.345
zone_naturelle,-0.026
faux_grain,-0.642
doux_matin,-0.055
maison_double,-0.013
velo_ancien,0.021
vieux_port,0.021
hôtel_abandonné,0.028
grand_temple,0.483
recette_facile,0.035
petit_yeux,-0.156
garage_abandonné,0.028
femme_folle,-0.127
reflex_mare,-0.125
support_minéral,-0.008
vagues_écume,-1.266
branche_enneigée,0.013
temple_religieux,-0.02
beau_bois,0.238
sculptures_insolites,-0.039
bonnes_vacances,0.228
femme_enervée,-0.167
cité_administrative,0.031
cimetière_catholique,0.098
large_building,-0.015
jolie_maison,0.502
vieux_bourse,0.021
mannequin_plastique,0.042
ville_ravagée,-0.07
effetto_flou,-0.125
cadre_dynamique,0.013
belle_demeure,0.363
corps_sain,0.214
amour_impossible,-0.104
chaussure_abandonnée,0.028
parfum_naturel,-0.053
morts_vivants,-0.75
fond_naturel,-0.053
architecture_originale,-0.031
fleur_morte,-0.211
étang_rond,0.024
pose_flexible,0.021
culture_traditionnelle,0.181
sale_village,-0.263
gros_ours,0.023
reflet_coloré,0.015
super_tele,0.297
usine_abandonné,0.028
chien_domestique,0.003
belle_saison,0.125
équilibre_naturel,-0.026
chef_jeune,0.009
coloured_beach,-0.031
ville_creative,0.035
homme_clair,0.169
fleur_natural,-0.053
jolie_musique,1.156
eau_paisible,-0.115
plage_tropicale,-0.021
vieux_building,0.021
mur_abimé,-0.385
beau_paysage,0.477
effet_artistique,0.385
arbre_tordu,0.008
phénomène_surnaturel,-0.562
monde_naturel,-0.026
rue_joyeuse,-0.825
matière_organique,0.089
vie_simple,-0.737
arcade_aveugle,-0.302
magnifique_soleil,1.227
voiture_antique,-0.013
grande_table,0.165
petits_vieux,-0.056
lotus_sacré,0.07
belle_nuit,0.727
saint_livre,0.062
gros_dodo,0.023
risque_naturel,-0.574
festival_fou,-0.127
cheval_triste,-0.643
quartier_pauvre,-0.37
exposition_sauvage,-0.272
fête_religieuse,-0.01
bouche_ouverte,-0.053
fleur_sacrée,0.188
large_architecture,-0.015
chambre_dorée,0.164
bon_amis,0.228
lit_abandonné,0.057
curiosité_naturelle,-0.475
hommes_modernes,0.018
danse_contemporaine,0.003
palais_gothique,-0.041
homme_idéal,0.189
patrimoine_mondial,-0.141
gros_nuage,0.046
idées_reçues,0.067
athénée_royal,0.039
surface_dure,-0.109
commerce_vide,0.143
enfant_adolescent,0.023
vrai_vie,0.231
gueule_ouverte,-0.053
île_sauvage,-0.272
même_vie,0.023
fermeture_définitive,-0.196
paysage_typique,0.089
banc_solitaire,-0.055
chaise_abandonnée,0.028
nourriture_terrestre,0.013
maladies_mentales,-0.022
roche_naturelle,-0.053
projet_commun,0.011
hotel_calme,0.068
bizarre_race,-0.406
ruelle_étroite,0.015
habitation_typique,0.044
moitié_plein,-0.148
mauvaise_herbe,-0.125
horrible_ville,-0.321
vieille_personne,0.021
visage_parfait,0.443
etang_salé,-0.281
fleur_bizarre,-0.255
rite_sacré,0.149
site_religieux,-0.01
pluie_tropicale,-0.021
independant_woman,-0.039
religion_orthodoxe,0.065
bon_manger,0.31
paysage_transformé,0.016
nuage_solitaire,-0.17
Éclairage_continu,-0.129
vie_professionnelle,0.013
hiver_triste,-0.643
grande_gendarme,0.165
grande_garde,0.479
écologie_industrielle,0.039
lycée_abandonné,0.028
fou_masque,-0.257
petite_île,-0.078
énergie_féminine,-0.062
grand_luxe,0.125
sculptures_funéraires,-0.062
champ_enneigé,0.013
poteau_electrique,-0.079
violence_sexuelle,0.068
court_jeu,-0.17
ange_déchu,-0.02
grand_piton,0.165
grand_ferry,0.165
cafe_moderne,0.018
jour_nuageux,-0.016
lutte_finale,-1.143
pensionnat_catholique,0.13
pente_raide,-0.282
grand_étang,0.165
forêt_naturelle,-0.026
virage_dangereux,-0.727
grands_jardin,0.04
tige_morte,-0.105
petit_ballon,-0.078
natural_réserve,-0.053
fauteuil_ancien,-0.01
grand_bouddha,0.239
cœur_romantique,0.89
femme_inconnue,-0.116
belle_place,0.363
soleil_direct,0.025
montagne_sauvage,-0.272
fontaine_moderne,0.037
faux_portrait,-0.888
secret_zone,0.006
eau_limpide,0.171
rue_principale,0.021
figures_unique,-0.068
faux_train,-0.319
fond_doré,0.249
ciel_majestueux,1.026
diverse_police,-0.011
endroit_célèbre,-0.055
ballade_romantique,0.414
fleuve_gelé,-0.119
site_abandonné,0.028
vieille_robe,0.043
festival_fantastique,0.281
paysage_imaginaire,-0.578
poubelles_brûlées,-0.339
foret_vierge,0.015
fidèle_compagnon,0.065
place_vide,0.07
thé_bio,0.044
super_tour,0.599
maison_moderne,0.044
montage_pourri,-0.364
plage_déserte,-0.07
eau_liquide,0.039
antique_vision,-0.036
lumiere_naturelle,-0.053
destination_super,0.364
danse_traditionnelle,0.062
femme_double,-0.013
vieux_tube,0.021
herbe_sèche,-0.057
grosse_prise,0.048
tombeau_vide,0.141
village_flottant,-0.053
tête_étrange,-0.028
bon_sommeil,0.228
château_abandonné,0.028
grand_huit,0.125
forêt_sombre,-0.187
guerre_mondial,-1.157
espace_vierge,-0.216
beau_village,0.238
vieux_comptoir,0.043
portrait_serré,-0.029
grande_peur,0.479
doux_reflet,-0.267
tresor_enfoui,-0.141
mauvais_temps,-0.357
promenade_romantique,0.83
atmosphère_fantastique,0.281
beau_ballon,0.477
voie_abandonnée,0.028
vieux_musée,0.021
forêt_secondaire,-0.166
bon_vivant,1.124
look_étrange,-0.036
neige_mouillée,-0.002
cloture_electrique,-0.036
chaussure_sale,-0.263
voiture_sale,-0.263
plein_soleil,-0.125
marché_financier,-0.024
petit_fantôme,-0.127
planète_sauvage,-0.272
énergie_durable,0.485
hotel_insolite,-0.039
place_pure,0.181
communication_scientifique,0.036
gare_désaffectée,-0.008
terre_sauvage,-0.25
histoire_antique,-0.004
grand_parc,0.165
jolis_souvenirs,0.238
village_autochtones,0.002
mer_sauvage,-0.548
regard_terrifiant,-0.422
vieux_dessins,0.021
spéculation_immobilière,-0.013
force_tranquille,0.163
petit_travail,-0.111
beau_fleuve,0.238
sainte_reine,0.131
climat_tropical,-0.021
dome_doré,0.251
vieille_usine,0.021
bidon_rouillé,-0.102
gars_sexy,0.446
dernier_voyage,-0.124
future_femme,0.004
heureux_moment,0.729
antique_transport,-0.013
jolie_studio,0.502
sinistre_présage,-1.812
faux_amour,-0.638
excellent_collection,0.115
vieux_sapin,0.021
jolies_femmes,-0.004
pont_ouvert,-0.053
parc_abandonné,0.028
maison_antique,-0.013
tombeau_abandonné,0.055
vieux_fantasme,0.043
colonne_antique,-0.008
portrait_inconnu,-0.731
belle_musique,0.88
fond_ancien,0.045
terrain_vide,0.07
lait_cru,-0.091
lumière_naturelle,-0.053
ancien_train,0.021
affaires_économiques,0.187
verre_brisé,-0.155
architecture_romantique,0.414
large_parasol,0.034
animal_sauvage,-0.684
fleur_triste,-1.286
collier_long,-0.021
grands_champs,0.04
abdomen_plat,-0.036
beau_livre,0.238
rue_sainte,0.125
espace_musical,0.133
première_mondiale,-0.141
balcon_ancien,0.021
place_baroque,-0.023
petit_nuages,-0.078
but_unique,-0.136
sale_action,-0.525
jeune_public,0.009
paysage_aride,0.023
soins_naturels,-0.053
église_contemporaine,0.003
vieille_pierre,0.021
vieux_livres,0.021
femme_coupée,0.011
grand_restaurant,0.239
concert_psychédélique,-0.044
ville_jeune,0.009
étrange_musée,-0.003
architecture_ancienne,-0.004
belle_gueule,0.242
filé_dynamique,0.013
princesse_belle,0.363
ciel_clair,0.668
personnage_seul,0.262
petit_marché,-0.078
petite_section,-0.156
petite_robe,-0.116
bouddha_doré,0.123
mer_agité,-0.698
vieux_logis,0.021
mer_tropicale,-0.048
maisons_abandonnées,0.028
mer_déchaînée,-0.341
animal_étrange,-0.146
sapin_abandonné,0.028
jeu_drole,-0.111
intense_pain,0.034
activité_physique,-0.002
charge_large,-0.619
jeune_groupe,0.009
service_saint,0.062
scene_tranquille,0.258
beau_parc,0.238
jeunes_enfants,0.009
visage_flou,-0.526
chocolate_fondu,-0.062
magnifique_architecture,0.613
chaleur_intense,0.101
jeune_enfant,0.023
sol_gelé,-0.119
beau_bridge,0.238
air_chaud,0.017
fleurs_artificielles,-0.104
nature_nocturne,0.039
mariage_magique,-0.031
mur_cassé,-0.109
elegante_mode,0.244
tête_bizarre,-0.429
transport_électrique,0.016
regard_brillant,0.104
ombre_morbide,-0.315
creation_artistique,0.193
piscine_naturelle,-0.053
nuit_sauvage,-0.561
quartier_ancien,-0.02
bon_sport,0.455
cor_vide,0.147
travail_aliéné,-0.07
manoir_abandonné,0.028
double_texture,0.109
mauvaise_passe,-0.747
sale_police,-0.263
arcature_aveugle,-0.302
chapelle_gothique,-0.041
visage_triste,-1.296
petit_amour,1.25
mer_montée,0.062
fleur_double,-0.027
illustration_technique,0.119
vieilles_pierres,0.021
bouteille_abandonnée,0.028
double_centre,-0.027
fleur_exotique,0.172
lumière_divine,0.233
arbre_centenaire,0.021
heritage_industriel,0.082
plage_deserte,-0.07
antique_science,-0.008
carrelage_ancien,0.021
esprits_scientifiques,0.015
nuage_électrique,-0.159
texture_plate,-0.073
gros_nez,0.064
eau_sale,-0.525
petit_chocolat,-0.078
architecture_historique,0.035
super_promenade,0.594
vieux_papier,0.021
antique_grille,-0.004
flou_volontaire,0.039
logement_insalubre,-0.031
recettes_faciles,0.035
logo_sale,-0.263
secours_catholique,0.716
ancien_panneau,-0.01
montagnes_enneigées,0.013
belle_forme,0.778
haute_tension,0.049
vieux_bâtiment,0.021
animal_domestique,0.003
super_ladies,0.364
mer_chaude,0.02
extreme_droite,0.084
vieux_fond,0.045
eglise_orthodoxe,0.065
sculpture_insolite,-0.039
bon_lait,0.228
future_police,0.004
statue_monumentale,0.094
jeune_jeunesse,0.029
sanctuaire_catholique,0.098
sapin_rouge,0.25
sexy_mannequin,0.921
grand_harbor,0.239
projets_créatifs,0.035
parc_gelé,-0.119
monument_ancien,-0.008
rentrée_littéraire,0.104
fine_place,0.22
chapelle_baroque,-0.011
doux_regard,-0.142
longue_route,-0.021
ombre_double,-0.05
croyance_populaire,0.016
piscine_abandonné,0.057
grosse_femme,0.099
super_panorama,0.364
belle_tour,0.732
architecture_moderne,0.018
grande_route,0.125
lumière_coloré,-0.062
fête_catholique,0.098
fleur_ancienne,0.09
parc_electrique,-0.036
taches_sombres,-0.874
plage_sauvage,-0.272
tour_sombre,-0.374
bonne_soeur,0.125
poisson_tropical,-0.021
vieux_centre,0.044
fleuve_royal,0.029
cuisine_ancienne,0.021
royal_robe,0.029
chaise_industrielle,0.039
humour_drôle,-0.094
effet_bizarre,-0.315
pur_ciel,0.668
jeune_guitariste,0.009
petite_terre,-0.156
roman_fantastique,0.25
petits_yeux,-0.156
beau_chapeau,0.477
jardin_magique,-0.031
plan_flou,-0.203
site_pittoresque,0.082
arbre_bizarre,-0.203
grand_site,0.75
plante_étrange,-0.021
personne_agée,0.058
vieux_clavier,0.021
ancien_château,-0.004
voiture_brulée,-0.17
patrimoine_industriel,0.082
zone_tempérée,-0.136
bonne_fée,0.705
forêt_tropical,-0.021
chat_perdu,-0.332
centre_mondial,-0.062
vieille_structure,0.021
pont_artistique,0.193
vie_romantique,0.828
ville_colorée,0.003
petit_théâtre,-0.056
grande_chaise,0.148
livre_ancien,0.021
derniers_jours,-0.034
horrible_parking,-0.321
fer_peint,-0.01
grand_roc,0.337
camp_réfugiés,-0.299
vieux_cafe,0.021
grande_mosquée,0.239
effet_special,0.013
gros_plan,0.116
monde_caché,-0.138
gros_arbre,0.023
forêt_sauvage,-0.272
grand_maître,0.125
voitures_anciennes,0.021
médaille_religieuse,-0.01
orage_violent,-0.228
bon_pasteur,0.228
coeur_perdu,-0.33
architecture_médiévale,-0.003
village_chrétien,0.035
faux_statue,-0.453
monde_merveilleux,0.281
chic_couture,0.312
amour_brisé,-0.31
ferme_modèle,0.196
immeuble_vide,0.07
bâtiment_coloré,0.003
large_crochet,-0.184
côte_sauvage,-0.272
ancienne_plaque,0.021
important_information,0.042
portrait_expressif,0.062
catastrophe_écologique,-1.7
idéal_studio,0.094
gros_minou,0.062
super_place,0.297
bon_ramadan,0.199
chat_caché,-0.278
chic_choc,0.25
disque_externe,-0.01
petits_nuages,-0.078
magie_moderne,0.045
arbre_rare,-0.059
empuse_commune,-0.041
panorama_vieux,0.021
chat_méchant,-0.966
plein_centre,-0.125
cafe_romantique,0.414
chic_chapeau,0.25
bon_mots,0.455
rue_déserte,-0.638
paysage_fantastique,0.562
dernier_tour,-0.069
maison_typique,0.044
friche_industrielles,0.039
vieux_amis,0.021
vieux_café,0.021
femme_fragile,-0.203
confort_moderne,0.037
voiture_historique,0.035
nature_magique,-0.062
miroir_brisé,-0.31
belle_neige,0.363
fleurs_séchées,-0.035
lac_glacé,-0.119
magasin_fermé,-0.07
presse_ancienne,0.043
église_sainte,0.062
peinture_artistique,0.193
bus_abandonné,0.055
extrême_joie,-0.004
beau_pied,0.238
grand_saut,0.125
sacrifice_sale,-0.525
maison_pittoresque,0.082
belle_parade,0.363
chats_domestiques,0.002
hangar_désaffecté,-0.008
simple_femmes,-0.193
petit_place,-0.156
adorable_face,0.32
monde_enchanté,0.07
temps_triste,-1.286
bébé_congelé,-0.239
petit_parc,-0.078
regard_fou,-0.253
couple_chic,0.125
long_voyage,-0.021
sombre_look,-0.405
simple_boy,-0.297
homme_mature,0.02
amour_aveugle,-0.271
lumière_faible,-0.527
nuit_fantastique,0.562
cimetière_vieux,0.021
magasin_abandonné,0.028
grands_sites,0.04
commerce_abandonné,0.057
petit_enfants,-0.078
espace_naturel,-0.055
mariage_romantique,0.414
famille_magnifique,0.656
arbre_royal,0.029
fenetre_sale,-0.263
ciel_étrange,-0.005
nuit_boréale,0.005
gros_zoom,0.04
long_couloir,-0.021
double_autoportrait,-0.013
beau_jardin,0.238
spéciale_dédicace,0.416
sourire_timide,-0.458
reflet_insolite,-0.078
grands_voyage,0.229
cendrier_plein,-0.117
lieu_étrange,-0.003
aubry_primaires,0.064
diverse_expression,-0.011
grands_chantiers,0.025
grand_arc,0.165
jour_doré,0.256
petit_insecte,-0.187
mauvaise_nouvelle,-0.914
gros_bébé,0.546
femme_seule,0.031
hotel_abandonné,0.028
plein_ciel,-0.25
pensées_secrètes,-0.118
joli_soleil,-0.008
petit_silhouette,-0.167
grande_ouverture,0.125
étrange_beauté,-0.005
temps_calme,0.216
ancien_commerce,-0.02
future_route,0.004
fils_électriques,0.004
moderne_centre,0.038
clôture_électrique,-0.036
ville_perdue,-0.165
fenêtre_brisé,-0.155
grandes_eaux,0.115
chien_fou,-0.421
église_reformée,0.031
vieille_peau,0.021
joven_triste,-0.643
élément_naturel,-0.084
tour_gothique,-0.081
salle_vide,0.176
catastrophe_naturel,-1.683
jeune_fleur,0.066
lieu_religieux,-0.01
sombre_sourire,-0.374
arbre_enneigé,0.013
arbre_insolite,-0.039
site_désaffecté,-0.008
levée_soleil,0.019
architecture_gothique,-0.041
composition_exotique,0.062
rencontre_improbable,-0.28
belle_cuisine,0.363
vieille_bourse,0.021
rock_médiéval,-0.005
tête_réduite,0.141
beau_soir,0.238
vieux_mur,0.043
vieille_grange,0.021
fleur_artificielle,-0.208
chien_méchant,-1.171
paysage_ancien,-0.024
quartier_lointain,0.131
petits_tambours,-0.078
beauté_sauvage,-0.543
fete_populaire,0.004
antique_structure,-0.004
chaton_domestique,0.002
beau_panorama,0.238
hotel_romantique,0.414
atmosphère_paisible,0.031
petit_appartement,-0.078
belle_table,0.363
bonne_fraise,0.353
vol_ultime,-0.623
statue_religieuse,-0.01
nature_poétique,-0.027
ventre_rond,0.024
gestion_durable,0.196
petite_fenêtre,-0.078
travailleurs_pauvres,-0.117
oeuf_cassé,-0.03
fruits_vénéneux,-0.205
friche_abandonné,0.028
oeuvre_moderne,0.039
grande_salle,0.514
petit_cadeau,-0.156
ambiance_paisible,0.031
économie_mondiale,-0.074
double_port,0.031
antique_culture,-0.008
sainte_vierge,0.208
homme_sexy,0.892
jardin_contemporain,0.003
douce_quiétude,0.125
architecture_commerciale,-0.094
bâtiment_abandonné,0.028
victoire_finale,-0.13
petit_drapeau,-0.156
nourriture_exotique,0.125
tranquille_village,0.068
bon_souvenir,0.458
ciel_doré,0.747
vieille_mère,0.021
belle_tristesse,0.727
rue_vide,0.141
musique_traditionnelle,0.278
grand_espace,0.33
super_nation,0.364
grand_salle,0.514
paysage_isolé,0.005
petite_enfance,-0.005
super_collage,0.364
vieux_téléphone,0.021
large_piston,-0.015
mer_calme,0.203
rivière_glacée,-0.166
jeune_moine,0.009
unique_magazine,-0.068
sculpture_moderne,0.018
course_speciale,0.016
petit_jeu,-0.173
paysage_naturel,-0.069
petite_chambre,-0.156
chemin_creux,-0.125
beau_buisson,0.238
grande_face,0.299
ours_sauvage,-0.272
effet_spécial,0.013
ciel_chargé,0.641
antique_bureau,-0.013
mur_naturel,-0.102
auto_ancienne,0.021
coffret_intégrale,0.039
petit_cochon,-0.032
savon_naturel,-0.026
planete_sauvage,-0.272
insecte_rampant,-0.281
vue_classique,0.078
oeil_triste,-1.286
convoi_special,0.006
petite_rivière,-0.078
paysage_grandiose,0.227
magnifique_fleur,1.274
belle_architecture,0.363
village_coloré,0.003
prairie_naturelle,-0.026
autre_vie,-0.512
faux_instant,-0.731
petit_fruit,-0.078
cinéma_fantastique,0.25
lumière_dramatique,0.13
fauteuil_vide,0.07
faux_posters,-0.453
grande_dame,0.125
ciel_incroyable,0.75
théâtre_antique,-0.004
pluie_douce,0.147
plante_comestible,0.062
vieille_arbre,0.021
petit_bébé,-0.111
bras_cassé,-0.03
batiment_moderne,0.018
architecture_exterieure,0.004
vieille_fenêtre,0.021
femme_agée,0.058
nuages_sombres,-0.062
lac_sauvage,-0.25
air_froid,-0.216
création_artistique,0.193
vieux_jouets,0.021
église_baroque,-0.011
soleil_doré,0.25
paysage_neigeux,0.026
mariage_original,-0.031
petite_araignée,-0.078
jeunes_verts,0.009
grand_café,0.239
chat_fou,-0.255
petit_chambre,-0.156
temple_saint,0.129
ciel_ensoleillé,1
journée_mondiale,-0.141
bronze_ancien,-0.005
fille_timide,-0.458
endroit_sombre,-0.498
super_festival,0.364
lapin_fou,-0.127
centre_spirituel,0.021
magnifique_lumière,1.267
temple_principal,0.025
musique_classique,0.197
créativité_artistique,0.401
bonne_aventure,0.125
objet_scientifique,0.031
matin_calme,0.32
icône_byzantine,0.021
vue_aérienne,-0.108
antique_bricks,-0.004
accommodement_raisonnable,0.185
vue_large,-0.098
petit_taureau,-0.125
petite_taille,-0.181
zone_industrielle,0.039
parfum_doux,-0.111
mer_douce,0.145
personne_calme,0.068
ville_imaginaire,-0.281
portrait_extérieur,0.004
belle_boutique,0.377
soleil_couchant,0.016
aquarium_naturel,-0.026
île_deserte,-0.07
grandes_voie,0.229
objet_ancien,0.043
grand_garde,0.239
grand_village,0.165
couloir_vide,0.07
beau_couple,0.477
ancienne_piscine,0.045
forte_houle,1.532
pensée_unique,-0.226
petite_vive,0.009
banc_vide,0.152
fugitive_moment,0.026
triste_souvenir,-1.286
texture_mate,0.235
lieu_abandonné,0.028
petit_table,-0.078
large_port,-0.015
action_humanitaire,0.211
marché_flottant,-0.053
huile_sainte,0.125
peinture_ancienne,0.021
point_faible,-0.125
ville_antique,-0.004
concert_monstre,-0.125
personnage_fantastique,0.762
paysage_insolite,-0.094
vieux_arbres,0.021
parole_muette,-0.062
montagne_belle,0.363
longue_poses,-0.021
futur_couple,0.008
vieux_chemin,0.021
eau_calme,0.206
vieille_boutique,0.021
neige_sale,-0.263
parking_désert,-0.196
belle_vue,0.727
lac_chaud,0.017
grange_abandonnée,0.028
environnement_sombre,-0.187
Établissement_commercial,-0.094
beau_travail,0.505
architecture_typique,0.044
architecture_contemporaine,0.003
joli_chapeau,-0.039
mauvais_présage,-0.357
jour_triste,-1.286
paradis_naturel,-0.053
locomotive_historique,0.035
île_tropicale,-0.021
air_sale,-0.263
lac_naturel,-0.026
demi_pression,-0.056
manifestation_catholique,0.098
produits_bio,0.044
ville_romantique,0.414
eau_douce,0.148
rue_ancienne,0.043
véhicules_anciens,0.068
vieux_navire,0.021
vieux_jeu,0.043
peau_grasse,-0.144
jupe_courte,-0.076
course_classique,0.081
arbre_coloré,0.003
plante_sauvage,-0.559
femme_sexy,0.446
maquette_fonctionnelle,0.095
creation_contemporaine,0.003
temps_nuageux,-0.032
vieille_vitrine,0.021
monde_imaginaire,-0.281
petit_pot,0.24
petite_mer,-0.161
lac_magnifique,0.613
vieille_rue,0.043
gens_heureux,1.046
petite_lumière,-0.156
grain_fort,0.003
petite_princesse,-0.056
grande_passe,0.479
peintre_contemporain,0.003
sombre_couloir,-0.187
célébration_catholique,0.211
test_objectif,0.017
adorable_expression,0.125
lieu_désaffecté,0.028
statue_funéraire,-0.062
femme_élégante,0.056
table_ronde,0.024
fleur_sèche,-0.114
jeune_bonze,0.009
gel_froid,-0.216
vieux_canal,0.043
belle_mère,0.125
cimetière_abandonné,0.028
temps_froid,-0.216
attractive_nature,0.235
jeune_banlieue,0.009
vallée_sacrée,0.07
plein_champ,-0.125
petit_arbre,-0.078
unique_illustration,0.049
palais_idéal,0.094
rassemblement_populaire,0.004
homme_mince,0.005
eau_colorée,-0.062
projet_mondial,-0.031
femme_brutal,-0.254
vieux_marché,0.021
douce_nuit,0.389
jeune_mannequin,0.049
chemin_coloré,0.003
rentrée_scolaire,-0.003
ancienne_région,-0.051
héritage_industriel,0.082
amour_brut,-0.339
robe_sexy,0.891
paysage_froid,-0.449
chien_moche,-0.515
ciel_magnifique,1.727
belles_voitures,0.238
œuvre_originale,-0.062
super_mode,0.656
enfant_mendiant,-0.25
hiver_glacé,-0.091
petite_personne,-0.056
fond_coloré,0.007
vêtement_bio,0.044
rue_sombre,-0.871
vieille_charite,0.096
voûte_gothique,-0.041
sombre_expression,-0.392
nuit_calme,0.135
belle_route,0.363
vieux_chat,0.043
champ_magnétique,0.064
logo_petit,-0.078
