tutti_noi,0.047
resistenza_popolare,0.508
caffe_luce,-0.007
legame_affettivo,0.202
ragù_bolognese,0.014
piazza_grande,0.582
massimo_torre,0.193
tutti_fratelli,0.035
casa_sano,0.435
fiore_antico,0.09
rami_nudi,-0.068
pelle_chiara,0.084
occhi_belli,0.665
luce_antica,-0.008
fortezza_vecchia,0.021
lungo_volo,-0.042
sopra_castello,-0.011
pensiero_fisso,-0.266
bosque_infinito,-0.028
energia_naturale,-0.053
parte_inferiore,-0.125
pieno_giorno,0.025
sedia_antica,-0.013
splendida_luce,0.517
tradicion_religiosa,-0.01
modella_bellissima,0.507
vite_parallele,-1.031
carcere_abbandonato,-0.703
mercato_usato,0.021
amore_platonico,1.227
casa_solitaria,-0.028
energia_creativa,0.164
città_vuota,0.07
nati_vita,0.043
ingresso_monumentale,0.094
luce_pace,-0.03
nudo_body,-0.015
ragazza_triste,-1.286
città_medioevale,-0.003
monte_nudo,-0.068
favorite_pose,0.035
belle_mente,0.535
gatto_assonnato,-0.127
particolare_foglia,0.006
incidente_aereo,0.078
manifestazione_precari,0.047
acquario_cattolica,0.098
pesce_lesso,-0.125
antica_filanda,0.029
buone_vacanze,0.199
forma_strana,-0.005
grande_amore,1.831
fine_luglio,0.25
bella_città,0.363
cielo_chiaro,0.668
stoviglie_biodegradabili,0.196
vero_vino,0.185
busto_grande,0.566
uscita_milano,-0.271
galleria_sordi,-0.098
maggiore_chiesa,0.094
bel_caffe,0.252
spettacoli_teatrali,0.015
abbigliamento_tradizionale,0.062
pelle_nuda,-0.015
fuoco_sacro,0.141
sguardo_forte,0.003
grande_giro,0.353
pioggia_torrenziale,-0.021
acqua_caldo,0.037
vacca_sacra,0.07
alta_energia,0.143
santa_luce,0.165
ostia_antica,-0.004
forte_luce,0.043
oli_essenziali,0.058
fauna_selvatica,-0.113
possibile_tutto,0.351
bella_dance,0.363
via_lunga,-0.042
esaurimento_nervoso,-0.625
testa_bassa,-0.3
compagnia_teatrale,0.015
elezioni_anticipate,-0.005
cavallo_goloso,0.013
sorriso_meraviglioso,1.078
case_disabitate,-0.125
sguardo_cattivo,-0.745
massimo_volume,0.188
venaria_reale,-0.009
nel_buio,-0.083
antiche_mura,-0.004
cucina_moderna,0.018
particolare_tavola,0.006
parcheggio_disabili,-0.281
chiostro_grande,0.364
vecchio_specchio,0.168
brutto_anatroccolo,-0.168
lago_vecchio,0.021
belle_fiore,0.524
paste_dolci,0.195
oggetto_transizionale,0.047
gente_interessante,0.07
fenomeni_naturali,-0.026
signora_bella,0.732
capelli_scuri,-0.062
tangenziale_ovest,0.001
piccolo_amico,-0.111
luce_cinerea,-0.023
mercato_antiquario,-0.013
costa_grande,0.29
vetro_sporco,-0.263
unica_fede,0.562
fortezza_medioevale,-0.003
grande_premio,1.707
salto_mortale,-0.334
dominio_assoluto,-0.059
treni_storici,0.035
alta_marea,0.065
dolce_pasticceria,0.195
deliri_notturni,0.004
tavola_rotonda,0.024
sfondo_sfocato,-0.266
contro_luce,-0.514
campo_coltivato,0.068
monte_sereno,-0.024
chiesa_distrutta,-0.07
tempo_zero,-0.109
gran_lavoratore,-0.054
edilizia_popolare,0.254
infinità_finita,0.07
tempi_lunghi,-0.042
sabbia_dorata,0.123
croce_uomo,-0.445
croce_cristiana,-0.274
tempo_nuvoloso,-0.008
giornata_uggiosa,-0.391
convento_abbandonato,-0.098
pittura_estrema,-0.002
laghi_naturali,-0.026
piazzetta_reale,-0.019
vizi_capitali,0.042
gran_felicità,1.737
sinistra_democratica,0.058
casa_alta,0.025
vita_straordinaria,0.093
anni_passati,-0.015
biscotti_secchi,-0.057
donna_contemporanea,0.003
occhi_lucidi,0.292
tutto_cuore,0.132
uno_band,0.067
valencia_grande,0.364
felicità_ritrovata,1.758
miele_amaro,-0.489
sculpture_monumentale,0.094
presidio_permanente,-0.196
forte_realtà,0.042
super_ferro,0.297
santa_morte,0.125
fiera_sposi,0.022
giorno_triste,-1.286
pinup_moderna,0.018
ciglia_lunghe,-0.021
vicolo_antico,-0.004
chiesa_sconsacrata,0.008
piccolo_circo,-0.198
gran_zona,0.04
gran_banda,0.234
muro_artistico,0.385
castello_reale,0.029
mare_bello,0.727
ciambelle_dolci,0.195
cultura_religiosa,-0.02
piccole_felicità,-0.156
grande_giocatore,0.735
vecchie_storie,0.021
oscure_presenze,-0.124
stranieri_immigrati,-0.207
viaggio_lento,-0.031
sanremo_vecchia,0.029
dimensione_intima,0.214
bagno_vecchio,0.021
orchidee_selvatiche,-0.021
antichi_ruderi,-0.004
borgo_storico,0.035
villa_piccola,-0.078
laboratorio_espressivo,0.062
bella_festa,0.353
tempi_difficili,-0.477
città_morta,-0.105
occhi_grandi,0.234
vecchio_carro,0.021
rocca_medioevale,-0.003
alta_neve,0.025
basilica_minore,-0.065
paese_alto,0.025
alta_montagna,0.025
poco_tempo,-0.111
cane_bellissimo,0.477
brutto_gusto,-0.464
illuminazione_artificiale,-0.212
balli_popolari,0.004
poca_fantasia,-0.158
vecchio_cortile,0.021
bello_cielo,1.227
acqua_bellissima,0.48
rumori_sordi,-0.195
mostra_temporanea,0.047
quartiere_gotico,-0.084
ragazza_pensierosa,0.206
stanza_buia,-0.124
onde_lunghe,-0.021
castello_abbandonato,-0.098
una_bella,0.377
analogic_life,0.003
vero_uomo,0.232
antique_automobile,-0.013
dolce_mamma,0.195
gran_galleria,0.115
evento_religioso,-0.01
tour_tarde,-0.006
finanza_globale,-0.031
scala_esterna,-0.031
gran_playa,0.04
uomo_bello,0.571
ali_aperte,-0.053
barca_storica,0.035
caro_mio,0.266
momenti_speciali,0.006
case_antiche,0.021
urna_funeraria,-0.062
arte_critico,-0.25
monumentale_torino,0.094
zona_commerciale,-0.094
medievale_chiesa,-0.003
piccolo_insetto,-0.187
vita_intensa,0.072
fiori_freschi,-0.052
manicomio_criminale,-0.401
passione_sportiva,1.202
cultura_contemporanea,0.061
canti_popolari,0.004
mano_ferma,-0.05
giovane_donna,0.009
vecchia_storia,0.043
tram_electrico,-0.036
avana_vecchia,0.021
rally_storico,0.07
grandi_persone,0.115
bellissimi_fiori,0.238
decadenza_industriale,0.078
comunidad_autonoma,0.011
isola_sacro,0.07
grande_bellezza,0.917
storia_naturale,-0.026
commercio_equo,0.046
gran_ferro,0.04
musica_barocca,-0.023
vaso_alto,-0.062
abbigliamento_casual,-0.094
fiume_gelato,-0.119
muro_rotto,-0.109
moda_elegante,0.244
botella_plastico,0.042
strada_lunga,-0.042
splendido_mare,0.477
gatto_randagio,-0.729
grande_marche,0.275
vecchia_finestra,0.021
pizzo_alto,0.049
tagli_economici,-0.125
alta_cultura,0.105
maestoso_panorama,0.526
quanta_bellezza,0.125
casa_particolare,0.02
sorriso_enigmatico,-0.094
inverno_divino,0.097
guardie_giurate,-0.015
percorso_pedonale,-0.024
mar_grande,0.729
santa_messa,0.094
ferro_vecchio,0.021
accademia_musicale,0.102
pazzi_manifesti,-0.503
stato_vegetativo,0.008
sacra_grotta,0.141
finestra_naturale,-0.026
scultura_moderna,0.018
bosco_grande,0.29
bella_epoca,0.808
nebbia_bassa,-0.139
fine_estate,0.25
sorriso_dolce,0.905
edificio_storico,0.035
sole_mio,-0.141
cripta_medievale,-0.003
mare_trasparente,0.109
lungo_strada,-0.028
storia_infinita,-0.028
palco_vuoto,-0.109
area_naturale,-0.026
porto_industriale,0.039
ritratto_professionale,0.006
vecchi_alberi,0.021
casa_piccolo,-0.078
gas_naturale,-0.026
acqua_cristallina,0.133
vecchia_signora,0.048
doppia_identità,-0.027
barca_luce,-0.007
profondo_rispetto,1.278
dolci_colli,0.147
luce_artificiale,-0.208
paradiso_terrestre,1.575
pranzo_romantico,0.414
gran_monte,0.115
dolce_riposo,0.391
bocca_piccola,-0.078
vero_legno,0.116
alta_murgia,0.025
tommaso_grossi,0.08
grandissima_frana,0.04
santa_cristiana,0.035
mercato_vecchio,0.021
belle_figure,0.238
stare_meglio,0.349
alto_cucina,0.025
aiuto_psicologico,-0.07
valle_reale,0.029
mondo_fragile,-0.203
bella_figura,0.727
ballo_popolare,0.25
tradizioni_religiose,-0.01
area_industriale,0.039
gioiosa_jonica,-0.067
cuore_caldo,0.082
fiore_chiuso,-0.391
libro_sacro,0.07
catolica_mare,0.195
maledetti_ricordi,-0.082
antica_chiesa,-0.004
piccolo_castello,-0.078
miglior_amico,0.578
buona_musica,0.858
duomo_antico,0.074
ragazza_sola,0.002
fiori_finti,-0.328
pane_piatto,-0.036
musica_alta,0.202
chiesa_alta,0.025
vecchi_giochi,0.021
pittore_contemporaneo,0.003
cibo_sano,0.428
luce_tramonto,0.048
giusto_tempo,0.28
area_sacra,0.07
matrimonio_reale,0.029
super_retro,0.297
morte_apparente,0.195
sedia_elettrica,-0.036
porta_maggiore,0.094
filo_logico,0.127
cascata_grande,0.29
forti_pendenze,-0.07
bella_magazine,0.363
vecchia_stalla,0.021
città_eterna,0.019
matrimonio_religioso,-0.02
naviglio_grande,0.29
dolce_tempo,0.47
giardino_antico,0.021
larga_exposición,0.04
particolare_centro,0.014
architettura_barocca,-0.011
alto_lago,0.025
sguardo_infinito,-0.086
forte_malinconia,0.003
cultura_moderna,0.093
sogno_romantico,0.896
uomo_simpatico,0.504
fabbriche_dismesse,0.028
vecchia_bambola,0.021
magica_natura,-0.062
sali_minerali,-0.004
certe_sere,0.028
forte_marmi,0.011
acqua_bella,0.73
uomini_anziani,0.125
cielo_fuoco,0.25
dry_sale,-0.118
santa_casa,0.062
stagione_calda,0.117
comune_trieste,-0.166
camara_analoga,0.031
cuccioli_randagi,-0.238
gatto_comune,-0.333
donna_moderna,0.018
piscina_natural,-0.034
piscina_comunale,0.001
belle_monte,0.238
doppio_teatro,-0.013
piccoli_pensieri,-0.056
luoghi_particolari,0.006
violenza_carnale,0.008
bellezza_naturale,-0.053
serra_grande,0.29
piano_piccolo,-0.078
singolo_oggetto,-0.145
pensieri_tristi,-0.268
appunti_visivi,-0.035
dolce_autunno,0.195
riforma_sanitaria,0.08
forte_mare,0.003
super_mezzo,0.297
manifestazione_comunista,-0.016
acqua_liscia,0.04
pioggia_forte,-0.013
albero_ghiacciato,-0.119
ritratto_particolare,0.006
piccoli_insetti,-0.078
amici_felici,0.199
agenzia_creativa,0.035
torre_medioevale,-0.005
piazza_vecchio,0.045
piazza_vecchia,0.018
buona_giornata,0.502
acqua_naturale,-0.053
santa_banda,0.13
doppia_fortuna,-0.027
filo_spinato,0.024
porto_secco,-0.057
meravigliosa_creatura,0.562
cavolaia_maggiore,0.094
vecchia_romagna,0.021
sorriso_timido,-0.208
ombre_inquietanti,-0.383
turista_curioso,-0.104
quadri_moderni,0.018
installazioni_artistiche,0.193
natura_selvaggia,-0.043
cattiva_strada,-0.232
vecchio_molo,0.021
manovra_economica,0.031
inquinamento_ambientale,-0.008
spiaggia_vasto,-0.008
battaglia_storica,0.07
uomo_elegante,0.183
ponte_strano,-0.128
antica_fonte,-0.004
vecchio_canale,0.021
prosciutto_crudo,-0.187
alto_molise,0.025
sotto_via,-0.07
basso_musica,-0.312
bella_milano,0.377
fiori_spontanei,-0.021
palazzo_abbandonato,-0.098
bella_vera,-0.019
frasi_celebri,0.07
piazza_principale,-0.011
malattia_mentale,-0.544
buono_brutto,0.455
vecchio_treno,0.021
premio_letterario,1.021
amore_precario,-0.646
villa_magica,-0.031
decorazioni_dolci,0.195
vendita_quadri,0.002
poca_voglia,-0.111
costa_romantica,0.039
edificio_industriale,0.039
luce_piena,0.056
fiori_colorati,0.003
mattoni_rotti,-0.03
belle_parole,0.503
tricolore_festa,0.008
media_punta,-0.031
gatto_buffo,-0.096
auto_storiche,0.035
giorno_unico,0.071
bella_collina,0.363
lago_romantico,0.414
ultimo_anno,-0.034
persone_speciali,0.006
tempo_bello,0.808
uomo_attento,0.092
brava_gente,0.228
gran_try,0.115
grande_uomo,0.73
gazza_ladra,-0.109
caffè_letterario,0.011
sole_piccolo,-0.156
città_famosa,0.07
romanico_gotico,-0.041
piccoli_ricami,-0.156
archeologia_industriale,0.039
primo_autunno,-0.005
finestra_artistica,0.193
nubes_brillo,-0.031
occhi_chiari,0.356
donna_affascinante,0.176
chiesa_vecchia,0.021
moderne_architectuur,0.018
branco_selvaggio,-0.543
cantiere_aperto,-0.053
teatro_leggero,-0.007
crisi_economica,0.062
ogni_giorno,0.017
scultura_sacra,0.07
piccola_bambina,-0.111
centro_antico,-0.008
centro_medioevale,-0.005
storia_viva,0.079
falso_amore,-0.638
parco_alto,0.025
splendida_giornata,0.486
amore_immenso,-0.016
rovine_moderne,0.018
basso_profilo,-0.527
hotel_moderno,0.074
dolci_ricordi,0.195
gessetti_colorati,-0.031
libro_antico,-0.004
sguardo_unico,-0.068
paradiso_tropicale,-0.043
villa_barbaro,0.031
vecchio_tavolo,0.021
monte_gelato,0.014
artigianato_popolare,0.25
casa_antica,0.021
serie_infinita,-0.028
senso_unico,0.064
mezzo_volto,-0.057
paesaggio_antico,-0.024
banco_solitario,-0.305
allestimento_vetrina,-0.004
piazza_medievale,-0.005
fuochi_pirotecnici,-0.011
posti_belli,0.238
super_fede,1.094
grande_arco,0.273
oasi_protetta,-0.281
notte_insonne,-0.526
scultura_viva,0.051
meravigliosa_avventura,0.624
palazzo_colorato,0.003
alte_auto,0.025
bicchiere_vuoto,-0.055
pietra_antica,-0.004
male_statue,-0.25
pittura_fresca,-0.052
abiti_pesanti,-0.013
elezioni_amministrative,0.031
del_comune,-0.412
epoca_medioevale,-0.135
ultimo_bacio,-0.068
orrido_botri,-0.383
barocco_modica,-0.06
gioia_infinita,-0.055
fiori_secchi,-0.035
buona_estate,0.353
gallipoli_vecchia,0.021
cristo_pensante,0.062
grandi_animali,0.04
grandi_speranze,0.549
scienze_naturali,-0.026
bandiera_tricolore,0.054
motivo_ornamentale,0.178
contemporanea_piazza,0.007
integrale_evoluzione,0.042
festa_mondiale,-0.07
ideale_vita,0.192
polo_industriale,0.078
luogo_comune,-0.166
rango_dinamico,0.026
chiesa_barocca,-0.011
terapia_intensiva,0.029
pianta_grassa,-0.157
cane_domestico,0.003
calcio_pulito,0.117
belle_barche,0.238
strada_imperiale,0.028
luoghi_comuni,-0.041
specchio_sporco,-0.525
vita_familiare,-0.25
seminario_intensivo,0.029
testa_tagliata,0.021
basse_temperature,-0.139
lago_natural,-0.026
aiuti_umanitari,0.246
uomo_vetrina,-0.008
lancia_integrale,0.297
vecchi_uomini,0.021
stampa_interna,0.025
parte_alta,0.025
luce_tenue,-0.147
caldo_freddo,-0.349
atmosfera_romantica,0.039
vecchio_giornale,0.021
gelato_gusto,0.011
tempo_vuoto,-0.109
studio_teatrale,0.039
vecchia_moto,0.021
dimorfismo_sessuale,0.034
super_rampa,0.297
buio_notte,-0.116
gran_concerto,0.115
spettro_naturale,-0.026
torre_uno,0.067
agricoltura_biologica,0.101
soave_verona,0.07
campanile_cattedrale,0.005
interno_campanile,0.052
posa_plastica,0.083
architettura_medievale,-0.003
monastero_maggiore,0.094
bacchetta_magica,-0.031
grotta_impossibile,-0.604
vecchie_saline,0.021
erba_medica,0.008
ciliege_candite,-0.004
sguardo_curioso,-0.073
stesso_mare,-0.003
circuito_electrico,-0.036
cime_tempestose,-0.168
studio_light,-0.014
santa_vergine,0.021
centro_tecnico,0.054
condizioni_migliori,0.262
musica_sperimentale,0.236
mani_care,0.094
ragazza_affascinante,0.355
grazie_chiara,0.668
guardia_reale,0.029
vecchio_fiume,0.021
fine_vacanze,0.25
campanile_pendente,0.005
giardini_santa,0.062
piccola_mano,-0.156
energia_elettrica,0.102
spettacoli_musicali,0.067
lago_grande,0.364
giovani_lavoratori,0.009
bimbi_felici,0.199
nuvoloso_pioggia,-0.008
bambino_curioso,-0.042
città_alta,0.025
sguardo_tenero,-0.084
moda_giovane,0.081
serie_finale,-0.065
vecchio_lampione,0.031
fabbrica_dismessa,0.028
strisce_pedonali,-0.024
bambino_piccolo,-0.156
treno_veloce,0.004
passeggiata_romantica,0.039
ragazzo_nudo,-0.031
patrimonio_mondiale,-0.141
addobbo_floreale,0.003
vecchio_quartiere,-0.005
anno_mille,0.041
palco_reale,-0.019
riflessi_oro,-0.024
fonti_rinnovabili,0.098
scuola_abbandonata,0.028
oasi_naturale,-0.026
opera_piccola,-0.156
sovranità_popolare,0.254
senos_grande,0.364
vecchia_ruota,0.021
gatti_abbandonati,0.028
legno_secco,-0.057
toscana_medievale,-0.003
pietra_naturale,-0.026
angeli_ribelli,-0.075
luce_continua,-0.125
sguardo_magnetico,0.128
ultima_partita,-0.068
piatto_tipico,0.141
casa_isolata,0.003
camposanto_monumentale,0.094
disegno_tecnico,0.026
depressione_naturale,-0.619
governo_tecnico,0.026
igiene_ambientale,-0.008
storico_monte,0.035
splendido_panorama,0.477
tutti_bambini,0.57
indumento_protettivo,0.003
vero_caffé,0.116
città_monumentale,0.094
falco_sacro,0.07
spirito_puro,0.104
fine_corso,0.25
frutta_secca,-0.035
gente_caldo,0.017
turismo_selvaggio,-0.272
grande_guerra,0.427
taglio_strano,-0.292
centro_medievale,-0.005
due_passi,0.116
buona_salute,0.9
cultura_democratica,0.171
violenza_psicologica,-1.575
generazioni_passate,-0.015
pensiero_profondo,-0.027
reale_uccelli,-0.009
lago_secco,-0.057
stilisti_emergenti,0.041
pittura_contemporanea,0.003
gatto_stanco,-0.291
concerto_musicale,0.067
manifestazioni_medievali,-0.003
città_morta,-0.105
tutto_amore,1.172
giovani_architetti,0.009
cane_simpatico,0.32
luce_alberi,-0.007
animali_fantastici,0.031
area_dismessa,0.028
monumento_storico,0.075
tempi_lenti,-0.062
vita_moderna,0.041
fatti_così,0.039
bello_amanecer,0.377
doppio_riflesso,-0.027
piedi_enormi,-0.008
momenti_felici,0.199
evasione_fiscale,-0.852
festa_medioevale,-0.005
opera_musicale,0.135
benvenuto_davide,0.125
sguardo_arrabbiato,-0.323
altro_pianeta,-0.008
cultura_economica,0.118
monumentale_cemetery,0.094
arredamento_moderno,0.018
villaggio_antico,-0.004
prima_serata,0.212
piazza_storica,0.072
gambe_nude,-0.136
giovani_mamme,0.009
occasioni_perdute,-0.165
futuro_migliore,0.387
strane_sensazioni,-0.003
paesaggio_nebbioso,-0.512
via_buia,-0.124
faccia_strana,-0.015
mano_nuda,-0.136
tradizioni_popolari,0.004
antico_granaio,0.021
vestito_fantasia,-0.146
politica_economica,0.031
isola_bello,0.363
povero_vecchio,-0.181
isola_belle,0.238
vecchia_strada,0.021
antica_torre,-0.008
topi_giganti,0.07
mar_pacifico,0.193
buona_sera,0.353
parco_innevato,0.013
viaggio_bello,0.753
disegnata_male,-1.391
vecchi_libri,0.021
galleria_vecchia,0.043
bella_torre,0.732
acqua_limpida,0.171
tipo_grande,1.296
piano_ribassato,-0.022
dolce_casetta,0.195
casa_bello,0.734
vecchia_ciminiera,0.021
anime_future,0.004
cultura_classica,0.1
caduti_guerra,-1.036
caldo_abbraccio,1.072
vetrate_duomo,-0.049
arido_paisaje,-0.057
pelle_bello,0.363
manicomio_abbandonato,-0.239
fontana_rotonda,0.047
dolce_sonno,0.195
villa_antica,-0.004
opera_artistica,0.387
roba_vecchia,-0.009
stazione_abbandonata,0.028
cielo_cupo,-0.391
persone_anziane,0.068
attesa_estate,0.041
chirurgo_estetico,0.193
informazione_libera,0.002
bellissimo_concerto,0.238
vittime_innocenti,0.043
improvvisazione_teatrale,0.031
libertà_religiosa,-0.02
notte_buia,-0.142
sala_grande,0.764
centri_commerciali,-0.094
lungo_temo,-0.305
architetture_storiche,0.035
natura_viva,0.152
cielo_brillante,0.519
stupido_mondo,-0.245
arte_femenino,0.034
alte_cariche,0.025
mondo_fiera,0.022
danza_classica,0.022
monte_grande,0.364
strage_fascista,-0.312
qualche_poesia,0.055
luogo_sacro,0.07
escursione_solitaria,-0.092
brutta_storia,-0.487
impatto_ambientale,-0.008
muri_rotti,-0.03
vento_gelido,-0.183
paesaggio_spettacolare,0.036
gioco_rotto,-0.077
automobili_elettriche,-0.036
grande_gioco,0.729
cattive_notizie,-0.464
associazione_teatrale,0.015
super_obiettivo,0.598
atto_unico,0.062
aia_vecchia,0.021
basilica_cristiana,0.035
fatto_acqua,0.025
veneto_campanile,0.005
paese_meraviglioso,0.281
solo_male,-0.406
mare_meraviglioso,0.562
portale_medievale,-0.003
musica_moderna,0.19
piacevole_ricordo,0.972
delta_integrale,0.008
cartello_divertente,0.416
diego_uno,0.031
promessi_sposi,0.124
abili_scattanti,0.435
uccelli_selvatici,-0.021
porta_antica,-0.013
processo_lungo,-0.065
particolare_statua,0.006
poggio_grande,0.29
città_lontana,0.008
occhi_sgranati,-0.029
luce_particolare,0.053
salice_piangente,-0.082
piccolo_bar,-0.078
paese_bellissimo,0.238
luce_surreale,-0.07
musica_indie,-0.391
villa_borghese,-0.112
università_cattolica,0.098
movimento_immobile,-0.253
giornata_particolare,0.022
ritratto_scuro,-0.062
area_protetta,-0.281
bella_baby,0.363
mappe_mentali,-0.022
divino_studio,0.201
cane_triste,-1.465
strada_infinita,0.01
occhi_scuri,-0.124
gran_sport,0.229
giorno_speciale,0.272
pesce_fresco,-0.052
luce_dura,-0.498
abito_elegante,0.182
bambino_povero,-0.362
bella_bestia,0.727
periodo_particolare,0.015
foro_imperiale,0.055
vecchi_amanti,0.021
monte_antico,-0.004
atmosfera_unica,0.049
tutti_fiori,0.035
terra_sola,0.062
rocce_calcaree,0.031
alta_moda,0.111
dolce_pensiero,0.195
autore_sconosciuto,-0.24
stati_alterati,-0.003
processione_religiosa,-0.02
paese_fantastico,0.281
piccoli_momenti,-0.078
palazzo_vecchio,0.021
soluzione_finale,-0.13
donna_pelosa,-0.031
paese_abbandonato,-0.098
acqua_bassa,-0.277
lunga_passeggiata,-0.042
bellissima_primavera,0.238
edificio_esterno,0.07
faccia_nascosta,-0.286
luce_riflessi,-0.007
princesse_belle,0.238
scultura_barocca,-0.011
vecchio_bar,0.021
mare_grosso,0.046
città_storiche,0.035
amore_eterno,1.141
malinconia_leggera,0.036
paese_vecchio,0.021
vendita_diretta,0.053
dolci_bella,1.366
fontana_santa,0.125
dolce_agonia,0.389
sculture_mitologiche,-0.031
palazzo_ducale,0.281
sguardo_contemporaneo,0.005
buona_primavera,0.353
curve_media,-0.022
scultura_famosa,0.07
musica_dolce,0.542
dolce_illusione,0.389
respiro_profondo,0.025
particolare_capitello,0.006
paesaggio_romantico,0.828
vai_piano,0.062
torre_gotica,-0.081
altro_mondo,-0.008
architettura_storica,0.035
native_canoe,0.002
forte_bandiera,0.041
vetri_rotti,-0.03
borgo_medievale,-0.003
vacanza_indimenticabile,-0.117
cintura_alta,0.085
gran_bazar,0.228
dolce_amore,1.491
freddo_gelido,-0.842
isola_tropicale,-0.021
albero_luminoso,0.009
piccolo_uomo,-0.111
buon_occhio,0.568
salvaguardia_ambientale,-0.073
eventi_speciali,0.006
medio_punto,-0.044
triste_storia,-1.309
veicoli_elettrici,-0.036
amico_fedele,0.146
bimba_bella,0.73
giovane_adulto,0.019
belle_gambe,0.539
casa_medico,0.023
forte_diamante,0.002
ragazze_adolescenti,0.024
natale_sicilia,0.002
migliore_musica,0.965
albero_monumentale,0.094
vera_natura,0.171
panoramica_montagne,0.015
belle_canzoni,0.238
vita_comune,-0.331
aluminio_corte,-0.076
viaggio_vero,0.116
costruzione_storica,0.035
sguardo_languido,0.117
grande_sistema,0.592
falsa_acacia,-0.194
feste_religiose,-0.01
barca_abbandonata,0.028
naviglio_vecchio,0.021
autunno_dolciastro,0.07
venezia_vecchia,0.021
palo_elettrico,-0.079
prodotti_commerciali,-0.094
nuvole_alto,0.025
cielo_plumbeo,-0.013
monte_nativo,0.002
alto_grado,0.049
mondo_antico,-0.004
pittori_contemporanei,0.003
prodotti_tradizionali,0.062
gran_campo,0.04
torre_medievale,-0.005
albero_sacro,0.07
valle_santa,0.062
buon_compleanno,0.199
fontana_antica,0.043
vita_semplice,0.013
storia_medievale,-0.003
fiore_peloso,-0.062
ragazza_carina,0.323
ponte_medievale,-0.003
notte_magica,-0.08
oro_bello,0.736
bacio_mare,0.498
tanti_auguri,0.199
borghi_belli,0.238
peccati_capitali,0.083
grande_area,1.08
paesaggio_selvaggio,-0.559
paesaggio_bucolico,0.008
museo_naturale,-0.026
passo_tonale,0.004
mare_dorato,0.247
identità_sessuale,0.162
piedi_palmati,0.004
ogni_bene,0.922
cassa_armonica,0.018
attimo_fuggente,0.026
particolare_architettura,0.006
casette_colorate,0.003
vicino_firenze,0.024
zona_protetta,-0.281
traliccio_elettrico,-0.036
costa_favolosa,-0.049
gambo_lungo,-0.021
antichi_mestieri,-0.004
case_diroccate,-0.07
circo_contemporaneo,0.005
onda_uno,0.064
forte_movimento,0.003
vaso_rotto,-0.03
maschera_neutra,-0.156
città_sociale,0.042
frutti_freschi,-0.052
double_fine,-0.027
cane_abbandonato,-0.374
centro_vuoto,-0.109
venezia_contemporanea,0.003
consulenza_strategica,0.004
vecchia_donna,0.021
ragazzi_pazzi,-0.127
città_natale,0.002
rare_tempo,-0.117
inverno_magico,-0.031
piccolo_teatro,-0.078
bella_valle,0.363
valle_savio,0.035
uomo_curioso,-0.042
tubi_innocenti,0.043
croce_monumentale,0.188
volto_scuro,-0.134
bellezza_incontaminata,-0.016
centro_alto,0.05
ragazza_stupenda,0.48
giorno_passato,-0.031
ogni_uomo,0.009
musica_punk,-0.75
sardegna_preistorica,-0.044
uno_scatto,0.031
certi_giorni,0.028
stagione_teatrale,0.114
rock_progressivo,0.627
ferro_arrugginito,-0.102
spazio_occupato,-0.014
rappresentazione_teatrale,0.033
luce_elettrica,-0.073
sasso_bello,0.363
credenza_antica,-0.008
degrado_ambientale,-0.008
albero_spoglio,-0.068
corpo_sano,0.214
scuola_professionale,0.006
dolce_nostalgia,0.389
vignette_satiriche,-0.008
vista_rilassante,0.141
sistema_educativo,0.043
giovane_amore,1.121
sentimento_forte,0.003
resti_antichi,-0.016
zone_umide,-0.002
speciale_ringraziamento,0.132
giardino_interno,0.033
acqua_salata,-0.562
fonte_santa,0.062
massimo_serra,0.094
casa_reale,-0.019
pelo_bello,0.363
cappello_bello,0.753
vetro_decorato,0.07
mano_alzata,-0.005
piccole_cicladi,-0.065
citta_antica,-0.004
monumento_barocco,-0.023
gatto_domestico,0.003
maniscalco_maldestro,-0.352
alto_biellese,0.025
giovani_note,0.009
giovani_vittime,0.009
animali_preistorici,-0.044
opera_teatrale,0.033
casa_viva,0.109
vecchia_panchina,0.054
stessa_direzione,0.001
doppia_finestra,-0.013
pianta_secca,-0.13
casa_comune,-0.166
grande_salto,0.546
piazza_imperiale,0.057
monte_estremo,-0.002
facce_strane,-0.003
paesaggi_notturni,0.004
liceo_artistico,0.257
tutti_voi,0.047
santa_luzia,0.062
tempo_oscuro,-0.124
palazzo_contemporaneo,0.003
dolce_natale,0.396
chiostro_medievale,-0.003
funzione_religiosa,-0.01
alta_laguna,0.025
triste_spettacolo,-1.286
cani_pazzi,-0.121
sacra_famiglia,0.062
aniversário_adulto,0.059
chiesa_immacolata,0.125
sei_bella,0.568
fantastica_giornata,0.238
riserva_protetta,-0.562
amica_dolce,0.405
testa_alta,0.049
antica_capitale,-0.004
giovani_autori,0.009
rito_pagano,-0.391
paesaggio_naturale,-0.069
città_imperiali,0.028
cascata_nascosta,-0.138
bomboniere_originali,-0.041
bellezza_sostenibile,0.579
ricerca_scientifica,0.015
mare_vasto,-0.021
pizzo_bello,0.727
sezione_inferiore,-0.25
paolo_vero,0.371
tempo_incerto,-0.129
racconto_breve,-0.176
alta_temperatura,0.049
tutto_freddo,0.07
dolce_natura,0.439
bandierine_colorate,-0.031
aereo_ultima,0.08
giovani_anni,0.009
micio_piccolo,-0.158
grande_pasta,0.364
mare_increspato,-0.067
falso_vintage,-0.914
musica_etnica,-0.195
culto_catolico,1.07
gatti_domestici,0.002
poca_luce,-0.111
esseri_viventi,0.051
centro_anziani,0.131
sasso_vecchio,0.021
atmosfera_strana,-0.003
monumento_caduti,-0.02
belleza_interior,0.216
vecchia_torino,0.021
strada_maggiore,0.094
sfida_infinita,0.02
occhio_magico,-0.062
carboni_ardenti,0.008
vecchio_portone,0.021
buona_pasqua,0.648
piu_bello,0.727
sorriso_sguardo,0.25
municipio_cattolica,0.13
musica_demenziale,-0.003
anima_forte,0.002
farfalla_rara,-0.059
vecchie_glorie,0.021
antenna_parabolica,0.035
tutti_santi,0.035
caserma_abbandonata,0.028
ragazza_sorridente,0.112
acqua_minerale,-0.008
cielo_colorato,0.505
pittura_medievale,-0.003
ritratto_virile,0.059
premio_chiara,1.251
santi_apostoli,0.062
cattedrale_medievale,-0.005
risveglio_muscolare,0.004
parco_naturale,-0.026
auto_abbandonata,0.028
altro_senso,-0.01
grande_punto,0.746
sobre_verde,-0.115
giovani_speranze,0.519
faccia_buffa,-0.104
dolce_hotel,0.195
tutti_italia,0.047
grande_passione,1
rifiuti_speciali,0.013
bella_caffe,0.977
doppio_cielo,-0.027
sangue_amaro,-0.739
pelo_oscuro,-0.062
sguardo_attento,0.091
volo_alto,0.056
cielo_luminoso,0.519
teatro_contemporaneo,0.003
piano_bello,0.377
zuccherificio_abbandonato,-0.232
buon_lavoro,0.455
giovane_ragazza,0.022
william_belle,0.078
luce_suggestiva,0.045
bello_scorcio,0.57
fiori_coltivati,0.068
luce_interiore,0.068
matite_colorate,-0.031
simbolo_religioso,-0.01
teatro_impossibile,-0.052
südtirol_alto,0.025
dolore_inutile,-1.316
magnifica_ossessione,0.938
dolce_colazione,0.195
bello_libro,0.363
vecchio_muro,0.043
cane_sciolto,-0.308
segni_particolari,0.006
cattivo_tempo,-0.357
barra_grande,0.729
tecnica_mista,-0.011
bella_dama,0.732
sette_peccati,-0.695
paesaggio_magico,-0.078
osteria_grande,0.29
dolce_neve,0.073
lago_maggiore,0.047
acqua_frizzante,0.011
pomodoro_secco,-0.035
vetro_bagnato,-0.002
ultima_cena,-0.034
deserto_rosa,-0.125
felicità_sorriso,1.758
ville_abbandonate,0.028
tutte_storie,0.035
centro_medico,0.017
disastro_aereo,0.078
dolce_cammino,0.195
bacino_artificiale,-0.104
strada_sterrata,-0.196
estate_magica,-0.031
parco_storico,0.035
grafica_creativa,0.035
neve_copiosa,-0.031
energia_rinnovabile,0.289
galleria_subalpina,0.125
chiesa_doppia,-0.013
buon_tempo,0.536
case_abbandonate,0.028
volto_nascosto,-0.536
particolare_mare,0.013
calabria_bella,0.363
facciata_barocca,-0.148
ragazza_mora,-0.062
vecchio_rudere,0.021
primarie_pdl,0.064
cavalli_selvaggi,-0.021
compleanno_chiara,0.084
tempo_perduto,-0.33
baldo_lago,0.081
silenzio_perfetto,0.693
mondo_nascosto,-0.263
bella_faccia,0.242
vecchio_orologio,0.021
piazza_massimo,0.19
bello_futuro,0.363
canto_grande,0.364
muro_antico,-0.057
struttura_moderna,0.074
jardin_artistico,0.193
paesaggio_naturalistico,-0.266
opera_monumentale,0.19
secondo_natura,-0.106
sono_pazza,-0.391
architettura_ecologica,-0.035
costume_tradizionale,0.125
sport_vero,0.231
città_bassa,-0.054
passato_prossimo,-0.005
sguardo_perso,-0.33
aria_calda,0.017
attrice_teatrale,0.015
vento_caldo,0.038
occhio_sinistro,-0.809
religione_popolare,0.254
orologio_antico,-0.013
violenza_sessuale,0.068
clown_triste,-1.342
viaggi_deserto,-0.125
lago_benedetto,0.104
ascolto_attivo,-0.005
dolci_pensieri,0.195
città_medievale,-0.003
massimo_libero,0.094
muro_dipinto,-0.069
pomeriggio_piovoso,-0.031
uomini_veri,-0.009
fiore_bellissimo,0.524
grande_napoli,0.364
ragazzi_innamorati,0.068
problemi_tecnici,0.026
vita_dura,-0.109
lungo_cammino,-0.042
uomini_giovani,0.009
aglio_selvatico,-0.021
rifugio_sibillini,0.036
bello_ragazzo,0.377
festa_finale,-0.065
luoghi_magici,-0.031
fortezza_medievale,-0.003
vergine_olive,0.015
opera_classica,0.08
vecchia_architettura,0.021
braccia_aperte,-0.053
natura_selvatica,-0.043
albero_alto,-0.062
vecchia_bicicletta,0.021
porto_naturale,-0.026
san_giusto,0.1
ponte_grande,0.29
pesca_tradizionale,0.062
sostegno_morale,0.688
fontana_particolare,0.013
zona_viva,0.051
veicolo_abbandonato,-0.098
festa_democratica,0.058
bella_rocca,0.363
campo_chiaro,0.084
fede_cristiana,0.57
bellissima_donna,0.238
interno_tempio,0.003
paesaggio_celeste,0.083
macro_ragnatela,0.007
olio_vergine,0.018
vecchio_modello,0.073
teatro_barocco,-0.011
bella_gente,0.363
malinconico_autunno,-0.281
terra_brava,0.455
forte_ricordo,0.006
portale_particolare,0.006
villa_stupenda,0.238
struttura_abbandonata,0.028
lavoro_duro,-0.125
cigno_selvatico,-0.021
sogni_infranti,-0.03
viva_bicho,0.051
belle_scarpe,0.252
bosco_scuro,-0.062
presepe_popolare,0.558
vecchio_campanile,0.033
animale_morto,-0.352
pinacoteca_nazionale,0.034
campanile_alto,0.037
anima_viva,0.051
grandi_eventi,0.025
antica_spiaggia,-0.004
opere_realizzate,-0.107
meraviglia_naturale,-0.053
ombra_lunga,-0.065
vita_morta,-0.211
musica_popolare,0.661
amore_perduto,-0.33
vecchia_industria,0.048
grande_porto,0.29
altare_maggiore,0.025
gran_luce,0.269
momento_magico,-0.062
caldo_pomeriggio,0.017
alta_donna,0.025
dolci_bontà,1.467
casa_distrutta,-0.07
gente_varia,-0.015
cane_divertente,0.406
belle_città,0.238
persona_stupenda,0.281
grande_nevicata,0.273
altra_volta,-0.068
santa_veneranda,0.32
amico_vecchio,0.059
vivi_meglio,0.262
attività_produttive,0.146
ristrutturazione_interni,0.025
paesaggio_ghiacciato,-0.255
madonna_immacolata,0.007
citta_medievale,-0.003
centro_creativo,0.071
festival_popolare,0.254
rome_antica,-0.004
dolce_zucchero,0.195
piccolo_formato,-0.181
padre_pio,0.196
attività_teatrale,0.034
lavoro_pesante,-0.027
polveri_colorate,-0.031
incredibile_espressione,0.25
cioccolato_fondente,-0.062
anime_sante,0.062
forte_bard,0.011
vai_volta,0.143
paese_antico,0.021
morto_vivente,-0.141
sole_pallido,-0.194
vite_spezzate,-1.06
meravigliosa_vita,0.566
ultimi_giorni,-0.034
vecchi_poveri,-0.306
romano_espresso,0.062
chiesa_bizantina,0.021
castello_ducale,0.281
cantine_aperte,-0.053
ballerine_colorate,0.003
nativi_americani,0.002
dolce_sentire,0.272
teatro_abbandonato,-0.098
partito_comunista,-0.008
labbra_dolci,0.195
edifici_dismessi,0.028
pozione_magica,-0.031
prati_spontanei,-0.021
castello_forte,0.002
belle_body,0.238
cielo_finto,-1.156
rospo_comune,-0.166
supporto_psicologico,-0.07
lungomare_vecchio,0.021
viso_nascosto,-0.536
porta_medievale,-0.003
zona_industriale,0.039
loschi_figuri,-0.008
magico_gioco,-0.079
antico_fascino,0.668
festa_santa,0.141
piccolo_musicista,-0.056
dolce_freddo,0.389
forcella_alta,0.025
antica_terra,-0.008
setta_segreta,0.013
emissioni_zero,-0.054
femminile_singolare,-0.031
nuda_anima,-0.015
lingue_straniere,-0.082
cigno_reale,0.029
caro_babbo,0.219
teatro_antico,-0.004
edifici_storici,0.035
piazza_silvestri,-0.031
dolce_tartaruga,0.514
lager_nazisti,0.013
aereo_atterraggio,0.039
dolce_mente,0.447
lago_glaciale,-0.222
barca_solitaria,-0.028
bella_rouge,0.377
festa_sacra,0.157
buon_cuore,0.517
interno_chiesa,0.025
montagna_grande,0.364
lenta_erosione,-0.562
animali_morti,-1.211
neve_forte,-0.013
grandi_pensieri,0.115
bella_principessa,0.363
giusto_spirito,0.238
rifiuti_abbandonati,0.055
strada_stretta,0.015
monumentale_milano,0.094
amore_perso,-0.33
diaframma_aperto,-0.053
catena_spezzata,-0.03
bella_giornata,0.736
bagno_caldo,0.017
pazzo_mondo,-0.127
pie_men,0.196
oro_antico,-0.026
chiese_cristiane,0.035
architettura_popolare,0.254
arredamento_originale,-0.031
tutti_giorni,0.035
agente_immobiliare,0.015
interviste_impossibili,-0.052
consumo_consapevole,0.081
luce_fantastica,0.102
disegni_originali,-0.031
old_porto,0.021
interno_autobus,0.05
parole_vuote,0.141
gatito_persa,-0.165
palazzo_storico,0.035
zona_alta,0.025
sacra_corona,0.125
dipinto_tela,-0.01
morbido_cuscino,-0.009
chiodo_fisso,-0.088
cane_bello,0.753
abbraccio_mortale,-0.542
feltro_creativo,0.035
fondo_oscuro,-0.124
nudo_donna,-0.015
sogno_barocco,-0.023
mondo_bello,0.363
cura_interior,0.971
impressive_mare,0.078
bello_giorno,0.736
gelataio_ambulante,0.136
lago_vuoto,-0.055
chiesa_cristiana,0.035
campanile_giotto,0.005
paolo_bello,0.753
mare_dolce,0.389
mare_caldo,0.02
grandi_emozioni,0.115
donna_nuda,-0.015
alto_vetro,0.025
monumento_antico,-0.008
auto_ecologiche,-0.035
tutto_lago,0.057
vero_studio,0.116
creative_son,0.002
assemblea_plenaria,0.039
tavole_originali,-0.031
tono_caldo,0.02
pieno_sole,0.019
villa_cattolica,0.098
acciaieria_abbandonata,0.037
grande_opera,0.731
soli_city,0.261
amor_infinito,-0.055
bello_nido,0.753
tutto_bono,0.035
gran_papa,0.115
campanile_romanico,0.005
storia_antica,-0.004
giovani_ragazzi,0.009
midia_independente,-0.039
giovani_atleti,0.009
bambini_felici,0.898
numero_perfetto,0.693
processione_penitenziale,0.401
ultimo_tango,-0.034
luce_morbida,-0.017
torre_monumentale,0.193
corte_grande,1.252
tutte_balle,0.035
investimenti_immobiliari,-0.013
panorama_naturale,-0.069
soluzioni_semplici,0.004
bella_modella,0.757
gran_piano,0.207
meritato_riposo,0.252
ritratto_diverso,0.009
preziosi_momenti,0.192
colonia_abbandonata,0.028
cielo_drammatico,0.59
nube_alta,0.049
cielo_coperto,-0.25
seno_nudo,-0.015
doppio_legame,-0.027
ricordi_felici,0.199
padre_eterno,0.019
cimitero_monumentale,0.094
ragazza_fragile,-0.406
crema_fresco,-0.105
lima_bella,0.377
oggetti_particolari,0.006
città_romantica,0.039
tutti_frutti,0.035
mare_piatto,-0.078
lago_piccolo,-0.078
pittura_informale,-0.006
città_straniera,-0.082
mare_cristallino,0.13
dolce_sguardo,0.389
brutti_sogni,-0.232
canzone_triste,-0.643
strane_coincidenze,-0.003
culto_popolare,1.375
atmosfera_surreale,-0.035
notti_insonni,-0.129
stazione_piccola,-0.078
pelo_caldo,0.017
studio_creativo,0.035
gemelli_diversi,0.009
anima_vuota,0.07
incontri_inaspettati,-0.062
guardo_lontano,-0.062
sentiero_storico,0.035
ossa_rotte,-0.03
sala_comune,-0.331
monte_croce,-0.38
naso_bellissimo,0.495
casa_demolita,-0.008
ricetta_dolce,0.125
curso_completo,0.008
dolce_risveglio,0.147
mare_piccolo,-0.161
lago_dorato,0.123
frigo_vuoto,-0.055
sguardo_lungo,-0.073
mezza_pelle,-0.024
edificio_antico,0.021
disfunzione_erettile,0.035
ultima_tappa,-0.068
breve_mente,-0.153
città_invisibili,-0.141
ville_aperte,-0.053
città_invisibile,-0.141
cavalli_selvatici,-0.021
vasto_abruzzo,0.04
chiesa_abbandonata,0.028
vecchio_trattore,0.021
gran_aria,0.04
acqua_chiara,0.171
fonte_rinnovabile,0.098
grande_alba,0.364
sole_nascosto,-0.526
ogni_santi,0.035
vita_migliore,0.777
pietra_alta,0.025
fuochi_artificiali,-0.104
acqua_pazza,-0.253
donne_anziane,0.068
fiore_semplice,0.056
maggiore_piemonte,0.094
architettura_gotica,-0.041
luoghi_storici,0.035
casa_elegante,0.091
laboratorio_medico,0.008
veicoli_ecologici,0.011
adolescenza_difficile,-0.363
montagne_rocciose,-0.129
vecchi_borghi,0.021
rudere_industriale,0.078
vecchia_insegna,0.053
piante_grasse,-0.07
panorama_aereo,-0.108
fedele_compagna,0.065
ogni_mattina,0.004
estate_cattolica,0.098
olio_essenziale,0.116
gran_dio,0.233
caro_benzina,0.25
santa_eucaristia,0.062
scartamento_ridotto,-0.048
bassa_pressione,-0.786
albergo_abbandonato,-0.098
codice_penale,-0.263
vecchi_ritratti,0.021
puro_rock,0.572
terra_natale,0.005
olio_biologico,0.089
vecchia_casa,0.021
oscuro_camino,-0.062
antica_via,-0.004
record_mondiale,-0.141
imperiali_arco,0.028
tempo_pessimo,-0.232
bambino_bello,1.227
antico_portale,-0.004
piante_morte,-0.711
chiesa_gotica,-0.041
grandi_numeri,0.04
fine_settimana,0.25
tutta_natura,0.033
ultimo_momento,-0.068
vecchio_amore,1.145
architettura_industriale,0.039
città_ducale,0.281
antico_arco,-0.004
fine_giornata,0.504
braccio_destro,0.1
grandi_riparazioni,0.025
porto_rotondo,0.024
tramonto_barocco,-0.011
rione_croce,-0.223
dolce_cioccolato,0.195
porto_selvaggio,-0.272
dolce_luce,0.429
accanimento_terapeutico,0.383
ogni_uno,0.004
dolce_strada,0.195
automazione_industriale,0.039
capelli_colorati,-0.031
guerra_etnica,-1.211
occhi_bellissimi,0.665
gesu_croce,-0.344
concorso_esterno,-0.02
attore_teatrale,0.031
sotto_acqua,-0.07
spumante_classico,0.052
occhi_brillanti,0.207
bellissima_luce,0.517
lungo_balcone,-0.021
sfera_magica,-0.031
grottammare_vecchia,0.021
auto_classiche,0.039
razza_umana,0.002
alberi_secchi,-0.057
monte_comune,-0.166
anima_sola,0.031
gente_certa,0.028
serra_alta,0.025
posto_bello,0.363
comunicazione_efficace,0.109
città_contemporanea,0.003
colourful_garden,0.003
lampione_rotto,-0.03
grand_finale,0.707
doppio_sogno,-0.027
materiale_ordinario,0.004
terra_vera,0.06
lungo_via,-0.042
camino_alto,-0.062
magnifici_fiori,0.238
porta_segreta,0.006
dolce_serenità,0.467
sicilia_caldo,0.017
giorno_maledetto,-0.227
erba_incolta,-0.144
porta_automatica,-0.044
cani_randagi,-0.238
attrici_famose,0.07
donna_sola,0.031
case_dipinte,-0.01
uomo_invisibile,-0.281
scultura_funebre,-0.062
villa_forte,0.002
edificio_decadente,-0.125
case_popolari,0.004
persona_anziana,0.125
lago_rotondo,0.024
paesaggio_collinare,-0.032
anziani_bambini,0.635
terra_bruciata,-0.079
poche_parole,-0.006
casalinga_disperata,-0.038
tradizione_popolare,0.516
sguardo_fisso,-0.088
lungomare_cattolica,0.098
festa_medievale,-0.005
ibis_sacro,0.157
bella_sera,0.363
forte_branco,0.024
alto_trombone,0.025
aria_buona,0.353
alta_rocca,0.056
parco_ducale,0.281
cattivo_gusto,-0.714
occhi_profondi,0.238
farfalla_tropicale,-0.021
roca_granítica,-0.422
ultimo_giro,-0.069
teatro_moderno,0.018
fiori_belli,0.238
città_abbandonata,0.028
macchina_abbandonata,0.028
antico_pozzo,0.043
valle_antica,-0.004
piccola_neve,-0.078
casa_stregata,0.036
regia_teatrale,0.015
tempi_bui,-0.124
piante_ornamentali,0.07
scatto_pazzo,-0.127
scultura_temporanea,0.047
ricordi_belli,0.238
passo_lungo,-0.021
turismo_interno,0.025
diario_creativo,0.035
mondo_meraviglioso,0.281
rosa_secca,-0.057
colle_belle,0.238
antica_sicilia,-0.004
corte_interna,0.026
mare_chiaro,0.168
dolci_cupcakes,0.195
stemma_araldico,-0.035
acqua_calma,0.206
sol_alto,0.025
scarpe_usate,0.021
diverse_culture,0.009
zoccolo_duro,-0.36
sola_mente,0.12
temperatura_negativa,-0.46
sacri_monti,0.07
centro_direzionale,-0.005
buone_feste,0.199
río_sereno,0.084
paese_tipico,0.044
porta_chiusa,-0.07
occhi_storti,-0.211
ombrello_chiuso,-0.196
espresso_milano,0.062
vecchio_continente,0.021
alto_inverno,0.025
napoli_antica,0.021
giovani_emozioni,0.009
rare_tracce,-0.059
mondo_colorato,0.003
mondiali_calcio,-0.641
persona_grata,0.074
natale_romano,0.002
fine_acqua,0.226
castello_medioevale,-0.003
museo_pagani,-0.196
strade_vuote,0.07
spiaggia_sabbiosa,-0.004
mondo_reale,-0.009
campo_oscuro,-0.062
industrial_scale,0.039
sguardo_urbano,-0.021
momento_romantico,0.838
distributore_automatico,-0.044
vento_forte,0.007
smisurata_preghiera,-0.016
molo_audace,0.081
piccolo_man,-0.111
sacra_monte,0.07
pelicula_negativo,-0.34
brutto_sogno,-0.464
castello_massimo,0.094
mulher_gravida,-0.039
occhioni_dolci,0.577
occhi_diversi,0.207
territori_occupati,-0.006
tempi_moderni,0.162
ponte_grosso,0.023
invasione_aliena,-0.098
bottiglia_vuota,0.07
mostra_personale,0.025
rito_cattolico,0.203
cultura_tradizionale,0.181
costume_medioevale,-0.003
flora_protetta,-0.593
teatro_sperimentale,0.042
magico_tramonto,-0.031
crisi_globale,-1.101
uno_parade,0.031
monumenti_aperti,-0.053
storico_carnevale,0.07
edicola_sacra,0.07
belle_persone,0.238
spiaggia_grande,0.364
infinita_tristezza,-2.128
cattivi_pensieri,-0.232
quercia_monumentale,0.094
liberazione_sessuale,0.089
dolce_attesa,0.172
effetto_antico,-0.049
festival_letterario,0.011
castello_inferiore,-0.125
sorriso_spontaneo,-0.164
donne_nude,0.117
parco_naturalistico,-0.026
gatto_lungo,-0.044
monte_scuro,-0.062
palazzo_antico,0.021
piccolo_gatto,-0.158
dettaglio_particolare,0.016
scienze_fisiche,-0.001
giovani_talenti,0.042
bella_fanciulla,0.98
installazioni_interattive,0.031
sguardo_profondo,0.05
dolce_cielo,0.889
riserve_naturali,-0.444
gran_regalo,0.265
ricordi_preziosi,0.192
laguna_larga,0.04
mondi_diversi,0.009
divino_amore,1.295
rifondazione_comunista,-0.008
muse_inquietanti,-0.196
napoli_dolce,0.195
fenomeno_naturale,-0.053
edificio_medievale,-0.003
napoli_contemporanea,0.003
taglio_stretto,-0.059
passeggiata_solitaria,-0.055
costumi_tradizionali,0.062
piccolo_spazio,-0.158
belle_mare,0.477
fine_mondo,0.453
bella_morte,0.727
città_sacra,0.07
lavanderia_vecchia,0.021
scultura_naturale,-0.026
nudo_artistico,0.193
palazzo_reale,0.029
vetri_colorati,-0.031
arredamento_interni,0.014
moda_bella,0.789
equilibrio_precario,-0.323
primavera_viva,0.051
casa_tranquillo,0.068
vita_tranquilla,-0.115
vecchio_caffè,0.021
signore_anziane,0.021
autunno_caldo,0.01
giornata_mondiale,-0.141
uomo_seduto,-0.281
sviluppo_sostenibile,0.196
albero_morto,-0.105
braccia_alzate,-0.003
protesta_popolare,0.508
spiaggia_dorata,0.123
vista_interna,0.05
fiori_delicati,-0.004
processione_addolorata,-0.562
tenera_età,-0.007
meravigliosa_donna,0.238
pozzo_sacro,0.141
volo_leggero,-0.014
tanta_luce,-0.009
eventi_naturali,-0.026
pale_eoliche,-0.011
alberi_caduti,-0.01
comunicazione_interna,0.055
manifestazione_floreale,0.003
federalismo_fiscale,-0.094
mare_selvaggio,-0.548
vecchia_ferrovia,0.021
ultimo_amore,-0.068
ferro_spinato,0.024
martire_glorioso,0.078
titoli_tossici,-0.031
uova_rotte,-0.03
casa_storta,-0.105
hands_care,0.094
brutto_ricordo,-0.464
calma_piatta,-0.073
chitarra_basso,-0.156
chiesa_ortodossa,0.065
altare_barocco,-0.011
fiore_tropicale,-0.043
città_distrutta,-0.094
dolce_tramonto,0.195
piccolo_uccello,-0.169
idee_brillanti,0.122
cane_tenero,-0.196
tanta_roba,-0.009
donna_incinta,-0.039
interno_circolare,0.025
vestito_donna,-0.015
dolce_malinconia,0.389
sicilia_barocca,-0.011
teatro_aperto,-0.053
belle_face,0.477
palazzo_comune,-0.166
scultura_monumentale,0.094
nizza_vecchia,0.252
treno_antico,0.021
caffe_notte,-0.012
piccola_borghesia,-0.094
laguna_grande,0.29
vera_pelle,-0.011
vasto_marina,0.08
pioggia_improvvisa,-0.125
gonna_lunga,-0.021
profondo_buio,0.05
albero_secolare,-0.041
bella_natura,0.777
costruzione_antica,0.021
giovani_turisti,0.009
via_comune,-0.331
città_deserta,-0.07
danza_macabra,-0.164
economia_ecologica,-0.035
sole_fresco,0.068
scorcio_medievale,-0.003
luce_ambiente,0.181
minoranze_etniche,-0.098
grande_hotel,0.364
rostro_bello,0.363
non_giovani,0.009
alba_dorata,0.123
strade_strette,0.015
fiore_secco,-0.114
inverno_fresco,0.033
breve_vita,-0.153
scorcio_particolare,0.006
magnifico_tramonto,0.344
spiaggia_vecchia,0.021
architettura_religiosa,-0.01
notte_romantica,0.078
luogo_incantevole,0.16
plastica_trasparente,0.054
vecchio_faro,0.021
milano_medievale,-0.003
dolce_arcobaleno,0.389
casa_vera,-0.019
vecchi_percorsi,0.021
architettura_moderna,0.018
architettura_moderno,0.018
sistema_nervoso,-0.625
rami_secchi,-0.057
struttura_medievale,-0.003
bella_gamba,0.363
industria_abbandonata,0.06
persona_famosa,0.07
capelli_lisci,-0.009
flora_spontanea,-0.195
mare_finale,-0.135
curva_grande,0.364
ombrelloni_chiusi,-0.07
palazzo_gotico,-0.041
giardino_esotico,0.062
mantide_religiosa,-0.01
chiese_gotiche,-0.041
natural_pose,-0.026
mondo_migliore,0.387
cielo_magico,-0.062
persone_normali,-0.002
religione_cattolica,0.098
mare_sporco,-0.53
musica_favorita,0.223
seghe_mentali,-0.022
natura_morta,-0.211
bocca_storta,-0.105
percorso_naturalistico,-0.026
luogo_religioso,-0.01
cortile_antico,-0.004
estate_caldo,0.017
torte_finte,-0.328
parchi_naturali,-0.026
monumento_religioso,-0.02
prato_bello,0.363
storica_vittoria,0.211
architettura_abbandonata,0.028
gente_comune,-0.166
mare_tropicale,-0.048
castello_antico,-0.004
prato_secco,-0.057
modella_chiara,0.198
alta_valtellina,0.025
mark_bello,0.753
foglie_morte,-0.125
campo_secco,-0.057
tramonto_dorato,0.123
buon_umore,0.228
grande_madre,0.364
vecchie_signore,0.021
bosco_incantato,0.07
ambiente_esterno,-0.01
giorni_tristi,-0.268
arco_moderno,0.018
bravi_ragazzi,0.235
cono_gelato,0.017
luce_fioca,-0.147
castello_bello,0.363
ogni_anno,0.004
mondo_lontano,-0.07
piana_castelluccio,-0.036
occhio_lungo,-0.042
torre_celeste,0.088
pannello_elettrico,0.004
falsa_tarantola,-0.419
grande_fresco,0.58
illuminazione_interni,0.028
articolo_uno,0.031
vecchio_lavoro,0.043
vecchia_scala,0.043
super_festa,0.364
chiesa_monumentale,0.094
luoghi_incantati,0.07
alberi_monumentali,0.094
piano_fiera,-0.001
interno_carrozza,0.025
strada_deserta,-0.07
pian_grande,0.58
paradiso_naturale,-0.053
mano_armata,0.037
bella_grano,0.406
palazzina_reale,-0.009
bella_tempo,0.808
bambini_orfani,-0.25
santa_costa,0.062
bellissime_ragazze,0.238
mani_abili,0.196
animale_domestico,0.003
presepe_vivente,0.05
provincia_autonoma,0.029
tomba_monumentale,0.188
serata_divertente,0.25
camino_antico,-0.013
frutta_naturale,-0.026
vista_esterna,-0.089
lago_inferiore,-0.144
gran_palazzo,0.115
prosa_poetica,-0.013
mare_inquieto,-0.698
anziano_solo,0.065
comunità_provvisoria,0.039
bassa_bresciana,-0.139
architettura_naturale,-0.026
grande_plano,0.29
gufo_virginiano,0.153
nucleo_antico,0.021
cattolica_città,0.098
architettura_sacra,0.07
tramonto_divino,0.097
antica_venezia,-0.004
note_musicali,0.067
deserto_orientale,-0.261
lago_profondo,0.025
cucina_dolce,0.195
installazione_contemporanea,0.003
sítio_alto,0.025
città_antica,-0.004
casa_meravigliosa,0.569
coppia_reale,-0.035
palazzi_moderni,0.018
viva_napoli,0.051
sposa_sexy,0.446
sguardo_malinconico,-0.167
fede_popolare,1.016
condizione_umana,0.033
teatro_stabile,0.011
pesca_grossa,-0.092
popolare_mercato,0.254
palla_magica,-0.031
amore_buio,-0.124
marina_piccola,-0.172
fiore_appassito,-0.25
faccia_triste,-1.296
alto_volto,0.049
anima_fragile,-0.203
chiesa_sacro,0.062
liceo_classico,0.029
ragazza_incinta,-0.078
orchestra_filarmonica,-0.004
chiesa_sacra,0.062
antica_riserva,0.123
peccato_capitale,-0.263
dolci_emozioni,0.195
piccolo_principe,-0.056
libera_espressione,-0.011
eterno_riposo,0.041
comune_torre,-0.331
punto_giusto,0.216
donna_misteriosa,-0.019
locomotiva_elettrica,-0.036
cielo_terso,0.668
mare_varie,-0.036
insegne_luminose,0.031
gran_guardia,0.04
costa_comune,-0.166
giorno_uno,0.031
cioccolato_puro,0.033
tour_finale,-0.065
lago_ghiacciato,-0.119
cartelli_divertenti,-0.047
giorni_belli,0.486
pulizia_etnica,-0.098
gran_persona,0.115
cultura_artistica,0.441
natura_spontanea,-0.164
vita_vera,-0.019
rito_antico,-0.008
citta_storica,0.035
radio_popolare,0.254
gran_guerra,0.229
villa_fiorita,0.035
punto_zero,-0.109
musiche_originali,-0.062
gotico_basilica,-0.041
ricette_tipiche,0.044
pranzo_caldo,0.017
interno_stazione,0.025
orizzonte_lontano,0.02
lungo_viaggio,-0.021
ferrovia_elettrica,-0.036
castello_grande,0.364
porto_alto,0.025
strana_notte,-0.023
notte_tricolore,0.016
finto_marmo,-0.625
luoghi_dimenticati,-0.031
esterno_giorno,-0.02
proprio_oggi,0.406
natura_classica,0.094
faccia_lunga,-0.052
fresco_market,-0.052
onda_media,-0.044
architettura_sostenibile,0.196
solo_mondo,0.031
erba_secca,-0.057
portone_chiuso,-0.196
monastero_ortodosso,0.065
lago_gelato,-0.119
piccoli_incontri,-0.008
alta_fedeltà,0.213
porte_corazzate,-0.003
bello_centro,0.728
spiaggia_selvaggia,-0.021
sedie_vuote,0.07
cibo_artistico,0.385
camino_largo,0.04
cave_statue,0.042
antico_mercato,0.021
violino_elettrico,-0.036
alberello_solitario,-0.152
santa_bella,0.789
piante_fiorite,0.008
chiesa_evangelica,0.018
pane_scuro,-0.062
vecchi_lavori,0.074
teatro_reale,-0.009
strada_ghiacciata,-0.166
grandi_stazioni,0.04
critica_sociale,0.018
tempo_passato,-0.031
amore_profondo,1.152
tempi_brevi,-0.153
sguardo_provocante,0.312
panorama_romantico,0.828
antica_corte,0.066
bello_man,0.571
buona_lettura,0.767
scuola_vuota,0.07
fiori_selvatici,-0.021
acqua_trasparente,0.112
medio_formato,-0.069
cielo_dorato,0.747
amori_impossibili,-0.104
tempo_pieno,0.097
bella_ombra,0.242
vecchio_cartello,0.053
santa_agonía,0.062
veri_amici,0.06
residenza_reale,0.014
lungo_giro,-0.05
fabbrica_abbandonata,0.028
zona_moderna,0.018
buona_strada,0.125
sola_bella,1.003
torre_oscura,-0.101
vecchia_dogana,0.021
guerra_medievale,-1.021
super_viaggio,0.594
spiaggia_bella,0.125
tutti_forti,0.073
fantastico_mondo,0.531
nuvole_luce,-0.007
cavità_naturale,-0.026
antico_faro,-0.004
caffè_caldo,0.017
ripresa_economica,0.062
amore_puro,1.167
sapore_antico,-0.031
vecchia_genova,0.021
piatti_rotti,-0.03
spiaggia_deserta,-0.07
ospedale_abbandonato,-0.195
arco_medievale,-0.005
scarpe_rotte,-0.03
non_conforme,0.073
angolo_tranquillo,0.156
cure_palliative,-0.448
dolce_isola,0.195
atletica_sport,0.034
rock_sperimentale,0.59
bella_media,0.121
chiesa_moderna,0.018
pastel_torta,-0.052
fine_serata,0.25
tramonto_particolare,0.006
tempi_lontani,0.141
batteria_basso,-0.536
gran_passo,0.115
video_campamento,-0.094
condizioni_materiali,0.021
povera_gente,-0.181
amore_impossibile,-0.104
terra_battuta,-0.087
gran_metro,0.04
antiche_usanze,-0.004
donna_grassa,0.099
guerra_psicologica,-1.086
carta_colorata,-0.031
doppia_mano,-0.027
dolce_notte,0.389
vecchio_trapano,0.021
romanzo_epico,0.125
dolce_momento,0.47
aereo_torre,-0.039
capo_bella,0.753
muro_colorato,-0.111
bellezza_assoluta,-0.059
alta_energía,0.143
dolce_ricordo,0.392
ammortizzatori_sociali,-0.107
vino_divino,0.097
ceremonia_secreta,0.096
tradizione_religiosa,-0.02
bel_ritratto,0.238
alta_stagione,0.132
alta_santa,0.025
lake_piccola,-0.078
ordinaria_follia,-0.523
riti_popolari,0.004
viaggio_immaginario,-0.618
paesaggio_industriale,0.078
architettura_tradizionale,0.062
gran_casa,0.04
posti_riservati,0.031
triste_realtà,-1.286
città_imperiale,0.028
interno_edificio,0.014
buona_novella,0.755
cimitero_cristiano,0.035
ragazze_nude,0.117
ultimo_raggio,-0.034
altare_sacro,0.07
future_automobile,0.004
duomo_vecchio,0.074
dolce_meraviglia,0.195
foglia_morta,-0.105
sentimento_puro,0.065
libri_usati,0.021
lago_piatto,-0.036
grande_torino,0.364
uomo_solo,0.063
panni_puliti,0.059
rito_cristiano,0.078
tempo_forte,0.084
effetto_flou,-0.016
via_vai,0.031
magica_puglia,-0.031
porta_santa,0.062
veri_problemi,-0.009
torre_santa,0.13
posti_abbandonati,0.028
occhi_attenti,0.204
paese_medievale,-0.003
monte_amaro,-0.244
campo_giovani,0.009
disegni_nudo,0.117
neve_artificiale,-0.104
demenza_senile,-0.157
questione_ambientale,-0.008
tempo_perso,-0.33
triste_sola,-2.091
strana_sensazione,-0.015
acqua_vergine,0.034
occhi_tristi,-0.536
tramonto_nuvoloso,-0.008
gatto_animale,0.125
corso_vecchio,0.021
albero_solitario,-0.152
gatto_animali,0.125
scacchi_matti,-0.002
torre_difensiva,-0.25
gamba_rotta,-0.03
cielo_spettacolare,0.536
vita_reale,-0.019
cielo_sereno,0.668
sguardo_furbo,0.062
onda_grande,0.731
paesaggio_incantato,0.141
piazza_comune,-0.261
città_santa,0.062
bella_canzone,0.353
premio_speciale,1.346
acqua_sporca,-0.275
amore_familiare,-0.25
madonna_addolorata,0.003
grande_salento,0.364
vestito_uomo,-0.031
veicolo_elettrico,-0.036
lieto_fine,1.398
alto_cultura,0.105
cibo_buono,0.455
macchina_vecchia,0.021
luce_calda,0.06
tutta_vita,0.117
architettura_contemporanea,0.003
piano_luminoso,-0.014
via_lattea,0.042
fabbriche_abbandonate,0.028
neve_sciolta,-0.062
bella_venezia,0.363
paesaggio_aereo,-0.055
acqua_media,-0.044
bella_amici,0.377
luce_dorata,0.287
grande_sport,0.729
edificio_religioso,-0.01
strano_effetto,-0.278
milano_moderna,0.018
viagem_santa,0.062
tutto_musica,0.223
dolci_sensazioni,0.195
occhi_bassi,-0.277
eventi_eccezionali,-0.005
ragazza_dolce,0.392
cimitero_vecchio,0.021
erba_lunga,-0.021
figura_intera,0.113
archi_gotici,-0.041
paesaggio_triste,-1.302
città_ecologica,-0.035
regalo_originale,-0.062
pippo_onorati,0.281
tram_elettrico,-0.036
piazza_pubblica,-0.011
maniche_corte,-0.076
metà_volto,-0.057
sogno_infranto,-0.06
cementificio_abbandonato,-0.232
mani_grandi,0.023
museo_tecnico,0.026
bellissimo_regalo,0.513
manifestazione_popolare,0.254
danza_popolare,0.25
poteri_magici,-0.031
sistema_innovativo,0.64
stanza_abbandonata,0.09
grande_sacrificio,0.742
fiume_piccolo,-0.078
super_amico,0.61
esami_finali,-0.065
buon_momento,0.536
vecchio_mattatoio,0.021
casolare_abbandonato,-0.098
classica_orchestra,0.022
via_sacra,0.07
porte_chiuse,-0.094
palloncini_colorati,0.003
avena_selvatica,-0.021
estate_passata,-0.034
vedo_tutto,-0.041
frecce_tricolori,0.008
costa_selvaggia,-0.021
altro_giro,-0.017
via_medievale,-0.005
grandi_progetti,0.025
laguna_glaciale,-0.222
tavolo_rotondo,0.024
frecce_tricolore,0.008
marina_alta,0.049
cielo_campo,0.125
buon_ricordo,0.458
lavoro_domestico,0.005
porto_piccolo,-0.078
delicate_nature,-0.075
stabilimento_industriale,0.078
unico_amore,1.164
casa_diroccata,-0.088
uomo_sconosciuto,-0.481
non_umani,0.003
strada_antica,-0.004
via_largo,-0.092
aurora_alta,0.025
bellissimo_gattino,0.238
porto_reale,-0.009
cavità_artificiale,-0.104
carnevale_tradizionale,0.125
dolce_pasqua,0.389
ponte_naturale,-0.026
piccola_sicilia,-0.078
statua_antica,-0.004
tutto_vero,0.57
palazzo_medievale,-0.003
disturbi_psichici,-0.022
architettura_medioevale,-0.003
giusta_direzione,0.201
miglior_vita,0.128
tutte_uguali,0.035
ampia_scelta,-0.019
luogo_meraviglioso,0.281
grande_cornice,0.586
piante_aromatiche,0.031
passo_alto,0.025
lavoro_indipendente,-0.078
circo_massimo,0.188
mosca_morta,-0.105
limpido_tramonto,0.084
universo_parallelo,-0.015
ultimo_quarto,-0.071
flora_silvestre,-0.074
culto_cattolico,1.07
scale_mobili,0.065
lampadario_interno,0.025
treno_storico,0.035
gabbiano_comune,-0.166
villa_elegante,0.091
valle_medio,-0.022
bassa_qualità,-0.277
corrente_elettrica,-0.036
lago_selvaggio,-0.272
qualità_pessima,-0.362
particolare_finestra,0.006
cioccolato_caldo,0.017
monumento_sacro,0.146
vecchi_mestieri,0.021
pero_distinto,0.083
struttura_difensiva,-0.125
libera_tutti,0.035
chitarra_classica,0.022
bellezze_naturali,-0.053
giovane_montagna,0.009
vita_domestica,0.007
contrabbasso_elettrico,-0.036
momenti_belli,0.238
cielo_divino,0.693
vino_bello,0.377
educazione_ambientale,-0.008
musica_antica,-0.008
ultimo_sguardo,-0.099
gesù_vecchio,0.021
santa_lucía,0.062
giovani_scrittori,0.009
luogo_suggestivo,0.176
creature_mitologiche,-0.031
piccolo_fiore,-0.156
santa_immacolata,0.204
vecchio_opificio,0.021
sétimo_severo,-0.103
essere_vivente,0.051
treni_rapidi,0.004
belle_notte,0.477
linea_sottile,0.004
voto_utile,0.315
feroce_predatore,-0.181
campo_teatrale,0.015
spettacolo_teatrale,0.036
scatto_particolare,0.006
cane_piccolo,-0.335
panorama_esterno,0.141
certosa_monumentale,0.094
piccolo_amore,-0.111
luoghi_abbandonati,0.028
incontro_casuale,-0.237
piccole_gioie,-0.078
coppia_romantica,0.078
grossi_problemi,0.025
ambiente_interno,0.025
bella_luce,0.767
pensieri_sparsi,-0.074
caldo_inverno,0.01
anonimo_romano,-0.121
brutto_tempo,-0.232
luce_diffusa,-0.089
speciale_ricordi,0.132
vecchia_scarpa,0.021
azul_oscuro,-0.062
double_piano,-0.033
costume_tipico,0.044
lago_scuro,-0.062
spazio_aperto,-0.108
giorni_bellissimi,0.486
stampa_antica,-0.004
farfalla_bella,0.363
notte_scura,-0.142
fiera_brescia,0.022
pietra_dolce,0.195
città_nascosta,-0.138
crisi_mondiale,-1.18
galleria_grande,0.364
cartone_animato,0.035
macchina_elettrica,-0.036
simpatiche_canaglie,0.094
aria_pulita,0.059
terra_comune,-0.166
torre_grande,0.734
sacro_graal,0.062
cimitero_antico,-0.004
panchina_solitaria,-0.055
pianta_circolare,0.046
scale_reale,-0.009
statue_monumentale,0.094
nube_solitaria,-0.17
morti_viventi,-0.641
mondo_naturale,-0.026
colonna_sonora,0.324
riserva_reale,0.108
mezzo_ritratto,-0.024
doppio_specchio,-0.027
sguardo_meraviglioso,0.562
spiagge_belle,0.238
cala_piccola,-0.078
braccia_nude,-0.068
fiore_colorato,0.052
uomo_stanco,-0.289
nave_abbandonata,0.028
vita_spezzata,-0.06
capelli_perfetti,0.222
vino_caldo,0.017
hotel_abbandonato,-0.098
valle_sacra,0.07
fine_anno,0.25
chiesa_cattolica,0.098
antica_abbazia,-0.004
ultimo_saluto,-0.034
effetto_magico,-0.085
racconto_popolare,0.5
architecture_moderne,0.018
premio_nobel,0.25
matrimonio_perfetto,0.347
gran_sorpresa,0.115
bella_idea,0.753
acquario_naturale,-0.026
fori_imperiali,0.028
zona_sacra,0.07
bella_sicilia,0.363
solo_fiori,0.199
bandiera_comunista,-0.016
opera_lirica,-0.015
alta_velocità,0.025
binario_morto,-0.217
lavoro_precario,-0.646
calcio_storico,0.07
vista_stupenda,0.477
costa_tropicale,-0.021
scie_luminose,-0.007
struttura_particolare,0.006
bella_madre,0.363
mare_limpido,0.168
belle_nature,0.527
busto_natural,-0.053
posto_zero,-0.054
tanta_fatica,0.01
essenziale_tour,0.058
porta_aperta,-0.053
legno_anticato,-0.013
abbigliamento_giovane,0.009
campo_arato,-0.07
danza_contemporanea,0.003
spazi_vuoti,0.07
rocca_antica,-0.004
miss_bella,1.227
bassa_marea,-0.277
cucina_interna,0.002
vecchia_porta,0.021
cimitero_abbandonato,-0.098
tempo_attesa,0.143
signora_anziana,0.021
vecchio_negozio,0.021
mare_agitato,-0.293
fiore_perfetto,0.74
sorriso_triste,-1.286
vita_segreta,0.017
paese_reale,-0.009
neve_eterna,0.019
cristiana_guerra,0.07
vita_eterna,0.043
modello_moderno,0.067
vista_grande,0.729
ragazza_bellissima,0.48
fiore_spontaneo,-0.164
ricordi_tristi,-0.268
albergo_moderno,0.074
mezza_voce,0.001
musica_religiosa,-0.02
media_vita,-0.044
zucche_ornamentali,0.07
cane_fedele,0.13
tramonto_romantico,0.414
finale_mondiali,-0.179
arco_alto,0.025
anima_ferita,-0.406
capelli_mossi,-0.008
economia_globale,-0.074
evento_letterario,0.011
foglie_cadute,-0.01
ambiente_naturale,-0.026
capelli_finti,-0.328
piccole_dolomiti,-0.078
isola_selvaggia,-0.021
cielo_interessante,0.641
barocco_noto,0.125
grandi_proiezioni,0.04
paesaggio_surreale,-0.086
calda_notte,0.034
socialismo_democratico,0.058
uomo_pensieroso,0.454
tempo_infinito,-0.055
finestre_rotte,-0.03
scala_musicale,0.133
amore_tenero,-0.053
danze_popolari,0.004
donna_velata,0.035
prove_tecniche,0.058
fiore_delicato,-0.009
luce_soffusa,-0.147
mezzo_piano,-0.024
vetro_rotto,-0.03
povero_cane,-0.541
democrazia_reale,-0.009
bambola_rotta,-0.03
belle_labbra,0.238
uno_cane,0.062
danza_sensual,-0.031
industrie_abbandonate,0.028
allevamenti_intensivi,0.029
árbol_solitario,-0.167
peperoncino_piccante,-0.058
templo_religioso,-0.01
vini_tipici,0.044
scudo_fiscale,-0.255
dolci_profumi,0.195
immacolata_concezione,0.051
tram_storici,0.035
ristorante_romantico,0.414
momento_certo,0.136
banca_mondiale,-0.07
asparagi_selvatici,-0.021
turismo_religioso,-0.01
scultura_classica,0.022
casa_bassa,-0.277
uomo_ideale,0.189
via_scura,-0.124
piante_selvatiche,-0.021
bella_aria,0.377
spalle_nude,-0.068
strano_cielo,-0.255
brezza_leggera,-0.014
abbandono_industriale,0.078
cattolica_fontane,0.098
gran_madre,0.115
ultimo_bagno,-0.034
grande_specchio,0.705
sorella_bella,0.977
ambientazione_esterna,-0.01
gatto_fortunato,0.88
architettura_ambientale,-0.004
camion_storico,0.101
fornace_abbandonata,0.028
medie_distanze,-0.015
spiaggia_tropea,-0.021
architettura_interni,0.014
casa_dolce,0.396
sguardo_intenso,0.068
naso_lungo,-0.042
nastro_adesivo,-0.094
chi_belle,0.238
energia_pulita,0.211
sbandieratori_fiorentini,0.025
palazzo_bello,0.363
zona_pedonale,-0.024
lago_salato,-0.281
riso_alto,0.025
famiglia_reale,0.029
valori_bollati,0.539
dolci_feste,0.195
palazzo_giovane,0.009
terreno_arido,0.024
banca_etica,0.148
oasi_ecologica,-0.035
salute_naturale,-0.053
nazionale_gran,0.04
magico_bosco,-0.031
spiaggia_solitaria,-0.028
festa_religiosa,-0.01
attimi_rubati,-0.125
ristorante_aperto,-0.053
piccolo_parco,-0.078
fiore_sacro,0.188
donna_anziana,0.021
donne_vere,-0.009
muro_esterno,0.141
anima_bella,0.363
medicina_naturale,-0.053
brasil_forte,0.002
donna_seduta,-0.141
cappello_tradizionale,0.125
bimbo_bello,0.363
storia_contemporanea,0.003
ultimo_sole,0.003
bella_suite,0.377
grande_fiume,0.25
giovane_coppia,0.019
massa_grande,0.29
spazio_vuoto,-0.111
sistema_electrico,-0.073
passaggio_pedonale,-0.047
vecchia_automobile,0.021
isola_deserta,-0.07
vecchie_auto,0.021
cascina_abbandonata,0.028
giardino_segreto,0.006
spiagge_affollate,0.008
libro_preferito,0.035
chiesa_medioevale,-0.003
lunga_estate,-0.021
sedie_colorate,0.003
luoghi_sacri,0.07
antico_battistero,-0.004
auto_particolare,0.006
fumo_tossico,-1.07
città_magica,-0.031
celebracion_religiosa,-0.01
vita_amara,-0.239
gatto_bello,0.727
selva_oscura,-0.062
sguardo_seducente,0.047
bacio_dolce,1.393
governo_ladro,-0.125
storia_vera,0.121
bellissimo_lago,0.238
mare_mosso,-0.293
guardia_giurata,-0.015
festa_popolare,0.254
gatti_randagi,-0.238
scarpe_vecchie,0.021
lumiere_tropicale,-0.021
statue_viventi,0.051
bambino_nudo,-0.031
occhi_stanchi,-0.039
apice_vecchio,0.065
cattivo_umore,-0.357
bella_macchina,0.377
orchidea_spontanea,-0.021
torre_direzionale,-0.005
strade_sterrate,-0.624
belle_ragazze,0.238
vecchio_camion,0.074
paura_vera,-1.873
profilo_destro,0.202
città_sepolta,-0.07
santi_giuseppe,0.062
personaggi_famosi,0.07
momento_giusto,0.28
sciopero_precario,-1.094
cavi_elettrici,0.004
monumento_gotico,-0.081
uomo_nudo,-0.031
sala_principale,0.023
battaglia_medievale,-0.505
narciso_selvatico,-0.021
scogli_luce,-0.007
citta_alta,0.025
uomo_solitario,-0.305
persone_invisibili,-0.141
settimio_severo,-0.103
icone_sacre,0.062
rocchetta_alta,0.025
animali_selvatici,-0.021
storico_sito,0.035
animali_buffi,-0.047
mucca_sacra,0.07
selva_triste,-1.294
bella_rose,0.363
natura_strana,-0.005
vecchi_cartelli,0.021
ciudad_bella,0.363
sacri_gruppi,-0.01
super_bravo,1.446
scarsa_visibilità,-0.362
sei_zero,-0.054
foglie_secche,-0.035
edificio_abbandonato,-0.098
piccole_storie,-0.076
mare_calmo,-0.052
luce_bassa,-0.277
cala_larga,0.04
vani_alti,0.025
incontri_ravvicinati,0.029
bella_notte,0.727
futuro_incerto,-0.065
mani_sporche,-0.138
terra_meravigliosa,0.563
larghe_intese,0.034
volta_grande,0.627
cielo_stellato,-0.141
buona_tavola,0.705
ingegneria_naturale,-0.026
paesaggio_roccioso,-0.274
infinita_mente,-0.055
sinistra_arcobaleno,-0.176
borgo_antico,-0.004
buon_riposo,0.457
processo_breve,-0.176
ragazza_nuda,-0.031
viva_city,0.051
occhi_chiusi,-0.141
ferrovia_abbandonata,0.028
vino_dolce,0.195
bel_tipo,0.377
partito_democratico,0.058
bella_fiore,0.774
occhi_sorridenti,0.297
dolce_carezza,0.639
festa_moderna,0.018
borgo_medioevale,-0.003
pazza_notte,-0.271
vie_storiche,0.035
produzione_artistica,0.385
bella_ragazza,0.73
sala_nobile,0.07
artigianato_artistico,0.193
porto_forte,0.002
piccolo_sogno,-0.111
mela_bacata,0.137
falso_tramonto,-0.453
chiara_fede,0.668
grave_donna,-0.162
vecchi_giornali,0.021
grande_albero,0.273
paesaggio_incantevole,0.477
pazzo_ragazzo,-0.127
albero_magico,-0.031
gufo_reale,-0.009
case_medievali,-0.003
societa_moderna,0.018
oasi_naturalistica,-0.026
riserva_naturale,-0.053
dolce_atmosfera,0.195
tagli_netti,-0.07
sala_uno,0.097
sereno_mar,0.168
meravigliosa_città,0.281
freddo_cane,-0.135
gran_apertura,0.082
foglie_cadenti,-0.013
ponti_vecchio,0.021
grande_cucina,0.29
effetto_speciale,0.263
arco_naturale,-0.026
bambino_cattivo,-0.714
piccoli_acquerelli,-0.078
scelte_difficili,-0.238
panna_dolce,0.41
vecchia_fiat,0.021
monumento_naturale,-0.053
gotico_piazza,-0.081
amore_incondizionato,-0.172
luce_magica,-0.062
lampada_volante,0.015
feste_tradizionali,0.062
giardini_borghese,-0.112
cabina_interior,0.014
sposi_novelli,0.199
rocca_medievale,-0.003
presepe_artistico,0.435
acqua_salmastra,-0.016
legno_scuro,-0.062
gioco_finale,-0.147
bocca_aperta,-0.053
motto_rotondo,0.024
azione_giovani,0.035
piccola_serie,-0.078
macro_mosca,-0.188
doppia_luce,-0.027
divulgazione_scientifica,0.015
albero_vecchio,0.021
specchi_rotti,-0.03
porto_notte,-0.012
luogo_abbandonato,-0.098
passato_remoto,0.003
impianti_industriali,0.039
matrimonio_elegante,0.091
bella_fronte,0.727
piedra_santa,0.062
doppio_scatto,-0.013
parco_monumentale,0.094
ultimo_respiro,-0.034
bella_musica,0.88
pelle_naturale,-0.026
corpo_martoriato,-0.281
antico_ingresso,-0.004
ebrei_morti,-1.211
casa_circondariale,0.083
corno_piccolo,-0.111
dolce_primavera,0.195
giardino_reale,0.029
prato_comune,-0.166
fine_aprile,0.25
danza_viva,0.06
composizione_classica,0.022
peinture_perso,-0.165
effetto_particolare,0.013
tipica_posa,0.089
sinistra_comunista,-0.008
borghi_medioevali,-0.003
grafica_contemporanea,0.003
belle_dame,0.238
mappa_mentale,-0.022
corpo_nudo,-0.015
cappella_maggiore,0.094
eventi_vari,-0.015
arredo_classico,0.039
spiaggia_cattolica,0.098
vecchia_sedia,0.021
metodo_classico,0.273
primavera_piovosa,-0.031
luce_naturale,-0.053
atti_vandalici,-0.011
via_normale,-0.004
porte_vetrate,-0.018
credenze_popolari,0.004
manifestazione_religiosa,-0.01
piccola_festa,-0.078
antique_scale,-0.013
belli_voi,0.238
letto_disfatto,-0.5
vecchia_milano,0.021
caos_calmo,-0.578
versi_diversi,0.009
versione_beta,0.011
rango_dinámico,0.069
erba_alta,0.025
riserva_integrale,0.163
premio_bancarella,1.062
rose_antiche,-0.013
carolina_grande,0.364
basilica_catolica,0.098
strage_nazista,-0.312
scena_teatrale,0.031
cielo_nuvoloso,-0.016
punto_giovani,0.036
piccoli_pittori,0.009
per_tutti,0.035
costumi_medievali,-0.003
ali_spezzate,-0.03
sedia_sola,-0.068
protesta_pacifica,0.062
lago_artificiale,-0.104
città_sostenibile,0.196
casa_romantica,0.039
torso_nudo,-0.015
doppia_ombra,-0.05
geografia_fisica,-0.001
piazza_deserta,0.143
fonte_grande,0.364
aria_fresca,-0.052
fragile_donna,-0.203
giovani_amori,0.121
architettura_fantastica,0.031
ingresso_principale,0.011
piccola_principessa,-0.056
unico_mondo,0.031
gatto_dolce,0.389
matrimonio_semplice,0.004
tramonto_malinconico,-0.196
stazione_futuro,0.004
buon_gusto,0.531
anziani_bastone,0.065
casa_popolare,0.507
cerchio_perfetto,0.347
crisis_economica,0.062
casa_abbandonata,0.028
specchio_tondo,0.172
camino_acceso,0.015
sala_noble,0.07
atmosfera_magica,-0.031
gioia_vecchia,1.207
scultura_contemporanea,0.003
vecchio_capannone,0.021
culto_religioso,-0.02
fili_colorati,-0.031
vicolo_storico,0.035
dolce_acqua,0.148
tarda_sera,-0.006
alta_onda,0.051
storia_lunga,-0.021
comunicazione_interattiva,0.067
bella_valletta,0.363
furia_paranoica,-0.621
gran_torino,0.115
giovane_femmina,0.009
piazza_rotonda,0.049
cielo_limpido,0.668
strada_speciale,0.132
diamante_grezzo,-0.144
acciaio_lucido,0.037
acqua_tonica,0.022
emergenza_umanitaria,0.195
persona_infinito,-0.028
dolci_biscotti,0.195
giovani_adulti,0.009
campi_coltivati,0.068
portone_automatico,-0.044
particolare_castello,0.006
vera_rosa,-0.009
riti_religiosi,-0.01
viaggio_ultimo,-0.124
albero_secco,-0.057
ultima_sera,-0.086
musica_classica,0.197
care_libro,0.094
dúo_dinámico,0.026
portale_storico,0.035
nude_rose,-0.068
triste_fim,-0.643
vento_fresco,-0.105
vera_amicizia,0.137
vecchio_tetto,0.021
tramonto_spettacolare,0.018
piccoli_gesti,-0.078
campionato_mondiale,-0.172
carnevale_ambrosiano,0.214
affresco_sacro,0.07
prova_obiettivo,0.006
ulivo_secolare,-0.054
nel_sole,0.002
abitudini_creative,0.035
quartiere_storico,0.195
finestra_chiusa,-0.07
tentato_suicidio,-0.031
vetro_infranto,-0.03
bellissima_giornata,0.486
stanza_vuota,0.176
buon_pastore,0.228
nuvole_scure,-0.062
acqua_pulita,0.12
senza_fine,0.25
vecchio_sogno,0.111
centro_sperimentale,0.084
grasse_succulent,0.099
espressione_artistica,0.385
riduttori_epicicloidali,-0.025
pensieri_felici,0.199
olio_caldo,0.034
natura_meravigliosa,0.527
vino_tinto,-0.039
vino_solitario,-0.152
indoor_panorama,0.008
favoloso_mondo,0.364
disastro_ambientale,-0.638
piccoli_pezzi,-0.078
cultura_popolare,0.564
energia_sostenibile,0.485
livrea_originale,-0.031
studio_fresca,-0.105
antico_cammino,-0.004
bello_momento,0.808
ambientazione_interna,0.025
musica_contemporanea,0.158
natura_protetta,-0.562
costruzione_cristiana,0.035
architettura_antica,-0.004
porto_storico,0.035
passo_grande,0.25
commemorazione_caduti,-0.01
villa_reale,0.029
dolce_papà,0.195
perenne_ricordo,-0.102
museo_medievale,-0.003
vecchio_conio,0.021
crisi_industriale,0.078
autor_anonimo,-0.121
cibo_dolce,0.389
mondo_difficile,-0.363
legame_forte,0.002
triste_sera,-1.304
intense_nature,0.107
prodotti_tipici,0.044
fiori_ornamentali,0.07
edifici_abbandonati,0.028
rami_spogli,-0.068
posto_magico,-0.031
scrittura_automatica,-0.044
rotondo_padre,0.024
adriatica_cattolica,0.098
portone_antico,0.021
sogno_lucido,0.334
terra_forte,0.002
palazzo_barocco,-0.011
mia_bella,0.727
interno_metro,0.025
poesia_contemporanea,0.005
ricordi_passati,-0.015
vecchia_auto,0.021
fiori_appassiti,-0.125
sole_caldo,0.037
moderna_ragazza,0.04
città_ideale,0.094
porte_interni,0.014
anni_felici,0.199
opera_seria,-0.073
cane_anziano,0.043
albero_enorme,-0.008
fiore_particolare,0.06
lessico_famigliare,0.06
fiera_torino,0.022
saluto_comunista,-0.016
giovani_creativi,0.047
costume_popolare,0.25
lavoro_professionale,0.015
monte_fresco,-0.052
benessere_naturale,-0.053
montagne_belle,0.238
bene_comune,-0.331
piccolo_giardino,-0.078
benedetto_marcello,0.104
tecnica_base,0.074
vergine_madre,0.015
sole_meraviglioso,0.565
alessandro_manca,-0.82
trucco_naturale,-0.553
castello_medievale,-0.003
castagno_secolare,-0.041
castello_incantato,0.07
matrimonio_romantico,0.414
sostenibilità_ambientale,-0.008
ponte_rotto,-0.03
malga_alta,0.027
doppio_pantografo,-0.013
donna_dipinta,-0.01
bellissime_parole,0.477
doppia_porta,-0.013
mare_scuro,-0.129
valle_vecchia,0.021
rimedi_naturali,-0.026
casa_vetrata,-0.018
hotel_vecchia,0.021
ciel_sereno,0.084
schiavo_morente,-0.247
aria_aperta,-0.053
pensieri_confusi,-0.1
lacrime_amare,-1.739
sole_bello,0.73
bella_serra,0.363
mare_fantastico,0.562
gran_signori,0.115
ultimi_raggi,-0.034
creative_pose,0.035
rosa_appassita,-0.125
pittura_moderna,0.018
caldo_tramonto,0.01
migliore_amica,0.828
ogni_posto,0.004
case_tradizionali,0.062
muso_dolce,0.389
oggetto_naturale,-0.062
vecchia_barca,0.021
migliore_amico,0.828
ricordi_lontani,0.008
cuore_bello,0.789
tindaro_screpolato,-0.036
molto_amore,0.568
famiglia_giovane,0.009
sono_vero,0.5
lago_sacro,0.07
fiore_reciso,0.068
ultimo_avviso,-0.084
dolce_alba,0.195
ospedale_vecchio,0.066
manifestazione_sinistra,-0.029
ponte_medioevale,-0.003
medio_ambiente,0.147
auguri_sinceri,0.133
museo_reale,-0.009
amore_sincero,1.618
valore_aggiunto,1.315
vecchio_cinema,0.021
città_future,0.004
amore_infame,-1.016
perduta_gente,-0.165
villa_abbandonata,0.028
benvenuto_autunno,0.125
rotonda_mare,0.047
forme_strane,-0.003
posto_meraviglioso,0.281
fine_lavoro,0.502
gatto_triste,-1.288
beautiful_grave,-0.323
scatto_creativo,0.035
santa_corona,0.125
leggenda_popolare,0.254
vecchio_teatro,0.021
piccola_bimba,-0.111
case_strane,-0.003
brava_ragazza,0.458
buon_viaggio,0.455
particolare_chiesa,0.006
direzione_ostinata,-0.151
pazza_primavera,-0.127
regalo_original,-0.062
paese_caldo,0.017
meraviglie_naturali,-0.026
energie_rinnovabili,0.289
musica_bellissima,0.63
mare_aperto,-0.111
scuola_grande,0.364
piazza_reale,-0.019
vetro_appannato,0.031
sorriso_aperto,-0.106
bicchiere_rotto,-0.03
finestra_antica,0.021
bimba_dolce,0.392
occhi_dolci,0.577
romantico_ambiente,0.414
questione_morale,0.189
centro_contemporaneo,0.006
cane_peloso,-0.241
musica_triste,-1.286
pietra_vecchia,0.021
san_pio,0.579
storia_medioevale,-0.003
occhio_chiuso,-0.391
borghi_abbandonati,0.028
sanatorio_abbandonato,0.055
marina_grande,0.58
antica_pieve,0.021
conflitti_armati,0.005
rocca_vecchia,0.021
quartiere_antico,0.043
dolce_gelato,0.261
amore_intenso,1.17
mare_pulito,0.117
sposa_bellissima,0.238
giornata_piovosa,-0.062
monumento_famoso,0.146
dolore_sottile,-0.884
eventi_musicali,0.067
festa_grossa,0.023
antico_gioco,-0.025
gran_capital,0.04
patrimonio_religioso,-0.02
doppio_cuore,-0.027
triste_mente,-1.286
lavoro_interinale,0.096
raduno_storico,0.07
vecchio_scatto,0.021
casa_infestata,0.036
pensiero_unico,0.062
vetro_artistico,0.193
mare_vecchio,0.043
villaggio_abbandonato,-0.098
principi_attivi,-0.005
mare_amare,-0.003
doppio_arcobaleno,-0.144
porta_bella,0.363
porta_belle,0.238
motor_electrico,-0.073
isola_minore,-0.008
vetro_colorato,-0.031
antiche_sere,-0.004
attraversamento_pedonale,-0.047
bambini_piccoli,-0.156
muro_pulito,0.117
paesaggio_fantastico,0.562
particolare_muro,0.013
selezione_naturale,-0.026
cuore_tenero,-0.053
spiaggia_tropicale,-0.021
piccole_isole,-0.078
santa_sede,0.062
bella_lago,0.363
elementi_naturali,-0.194
paesaggi_naturali,-0.026
natura_incantevole,0.527
gran_corso,0.115
grano_antico,-0.012
forte_respiro,0.002
particolare_facciata,0.013
porte_aperte,-0.053
