mejor_pareja,2.046
amanecer_espectacular,1.536
video_divertido,0.078
dibujo_animado,0.035
mar_sedoso,0.016
hombres_jóvenes,0.009
pared_decorada,0.141
centro_mayores,0.131
cultura_antigua,-0.008
letreros_curiosos,-0.021
plano_difuso,-0.044
derecho_penal,-0.276
lenceria_sensual,0.196
universidad_catolica,0.098
mensaje_subliminal,0.031
teatro_ciego,-0.386
edad_antigua,0.021
minorías_sexuales,0.034
arbol_mágico,-0.031
hermoso_día,0.986
piedra_rústica,0.003
obra_personal,0.052
alojamiento_tranquilo,0.33
iglesia_ortodoxa,0.13
mujeres_hermosas,0.238
retrato_desconocido,-0.116
visiÓn_estratÉgica,0.008
guitarras_electricas,-0.036
parque_extremo,-0.002
mujeres_bellas,0.238
antigua_capital,-0.004
moda_real,-0.019
ciudad_frágil,-0.078
acción_exterior,0.246
vaca_loca,0.004
salto_chico,0.25
día_histórico,0.079
casas_pequeñas,-0.078
alimentación_saludable,0.339
metal_gótico,-0.041
colegio_oficial,0.132
árbol_pequeño,0.009
calles_pavimentadas,-0.008
mujer_atractiva,0.802
busto_grande,0.316
desarrollo_economico,0.031
pájaro_tropical,-0.056
realismo_metafísico,-0.031
ayuda_espiritual,0.067
idea_creativa,1.061
danza_musical,0.067
gobierno_austero,0.018
efecto_natural,0.447
velero_escuela,0.125
palacios_reales,0.029
proceso_penal,-0.138
sangre_fresca,-0.052
amor_joven,2.121
policía_judicial,0.049
alto_pino,-0.062
parque_ecologico,-0.035
catolicismo_popular,0.004
tormenta_tropical,-0.132
bosque_infinito,-0.028
calles_mojadas,-0.002
aves_nativas,0.002
estacion_arte,0.25
sagrado_descendimiento,0.07
flamenco_comun,-0.041
jóvenes_discapacitados,0.019
cuerpo_celeste,0.583
nino_feliz,0.902
final_copa,-0.13
sorpresa_especial,0.513
comunicación_visual,-0.07
banco_vacío,0.152
plano_entero,0.057
días_contentos,0.199
panorama_romantico,0.578
medicina_natural,0.463
hermosa_niña,0.48
jornadas_quijotescas,-0.07
camino_solitario,-0.278
arquitectura_historica,0.035
ambiental_bar,-0.008
pintura_mixta,-0.023
cosmetica_natural,0.224
altas_montañas,0.025
equilibrio_inestable,-0.069
hojas_caidas,-0.01
costa_grande,1.458
mala_mujer,-0.714
recuerdos_familiares,0.125
retrato_exteriores,0.004
arcos_dorados,0.123
animal_escondido,-1.917
alta_marea,0.065
boca_loca,-0.002
agua_tóxica,-0.062
plano_urbano,0.032
cueva_grande,0.165
canal_grande,0.165
bello_paisaje,0.477
hora_loca,-0.003
barco_velero,0.5
arbol_nativo,0.002
comunicación_creativa,0.075
moda_joven,0.581
flores_artificiales,-0.104
parto_natural,0.224
educación_secundaria,-0.332
energía_sostenible,0.485
pinturas_famosas,0.07
aire_antiguo,-0.008
cielos_oscuros,-0.062
infraestructura_productiva,0.146
gato_domestico,0.501
libro_antiguo,0.543
vehículo_clásico,0.039
fuego_magico,0.438
futuro_cercano,0.024
casa_alta,1.049
pies_sucios,-0.138
evento_especial,0.006
hombre_solitario,-0.555
hierro_oxidado,-0.125
rio_hermoso,0.488
protección_oficial,0.263
flor_valiente,1.609
pies_lindos,-0.004
pobre_chico,-0.612
radio_mundial,-0.062
mono_loco,-0.127
viaje_loco,-0.261
sensual_tango,0.196
actividad_física,-0.002
construcción_religiosa,-0.01
pintura_barroca,-0.023
edad_avanzada,0.5
chicas_jovenes,0.009
misa_tradicional,0.062
ondas_sonoras,0.161
gobierno_democrático,0.058
parque_natural,0.224
dama_antigua,0.048
cuidado_capilar,-0.307
grandes_líneas,0.159
pacientes_crónicos,-0.024
arena_mojada,-0.002
animal_muerto,-1.5
madre_adolescentes,1.547
jóvenes_emprendedores,0.009
asesoramiento_legal,0.006
flores_falsas,-0.328
ave_colorida,0.005
estado_independiente,0.086
paisaje_montañoso,-0.026
moda_floral,0.067
festival_joven,0.26
buen_precio,0.761
grande_modelo,0.36
arco_floral,0.003
amigo_fiel,1.646
casa_baja,-0.027
césped_sintético,-0.085
grua_eléctrica,-0.073
medicina_estetica,0.401
ciclo_natural,0.224
realismo_mágico,-0.062
futuro_sostenible,0.196
publicidad_original,-0.031
reforma_educativa,0.208
galletitas_decoradas,0.07
manos_pintadas,-0.01
ventana_rústica,0.003
musica_feliz,1.051
historia_real,0.121
alto_viaje,0.049
acción_poética,-0.027
retrato_especial,0.006
arquitectura_experimental,0.042
centro_ecológico,-0.07
bello_cielo,1.477
moda_exterior,0.32
ritos_religiosos,-0.01
zona_humeda,-0.002
vivienda_única,-0.068
paisaje_increible,0.5
campo_real,1.028
fiesta_hermosa,1.977
pueblo_rústico,0.505
monumento_prehistórico,-0.089
rostro_humano,0.25
bodegón_contemporáneo,0.006
vehículos_clásicos,0.039
asistentes_administrativos,0.031
paraiso_infinito,-0.055
dulces_detalles,0.195
factor_humano,0.125
bajo_precio,-0.027
orquesta_típica,0.589
antiguo_lavadero,0.021
gran_playa,1.729
grupos_vulnerables,0.021
cubo_libre,0.25
procesión_religiosa,-0.02
via_abandonada,0.028
culto_pagano,-0.391
ave_real,0.059
viñedo_ecologico,-0.035
casa_rica,1.124
natural_puesta,0.485
gata_linda,0.32
aire_puro,-0.105
pelos_locos,-0.002
antigua_farmacia,0.021
año_pasado,-0.034
ciudad_eterna,0.019
periodo_ordinario,0.01
amor_eterno,1.641
ciudad_abandonada,0.028
amor_hermoso,2.579
detalles_gigantes,0.07
paseo_natural,0.502
flor_delicada,-0.009
clase_especial,0.068
casa_típica,0.678
comunidad_autonoma,0.011
fachada_histórica,0.07
banda_real,-0.019
noche_aérea,-0.057
espejo_roto,-0.31
azul_arena,0.25
mediano_plazo,-0.015
punta_hermosa,0.48
cuerpo_humano,0.75
amor_lindo,1.922
tigre_buenos,0.353
publicidad_ecologica,-0.035
ave_endémica,0.042
modelo_morena,-0.062
día_mundial,-0.141
patrimonio_industrial,0.082
amigos_retrato,0.125
cerro_frio,-0.216
santa_procesion,0.135
piso_bajo,0.25
boda_real,0.559
pico_mayor,0.071
festejo_popular,0.024
arco_gótico,-0.041
musica_independiente,0.325
bello_lugar,0.238
casa_noble,1.141
lugar_bonito,0.377
textura_vieja,0.09
tejido_elastico,0.039
sectores_económicos,0.031
ventanas_rotas,-0.03
estilo_gótico,-0.162
casa_moderna,1.037
buen_comienzo,0.705
conectividad_terrestre,0.006
antigua_fábrica,0.021
estructura_educativa,0.015
música_joven,0.672
rubia_sexy,1.391
agua_cristalina,1.171
bien_común,-0.081
cable_eléctrico,-0.036
piscina_exterior,0.26
frio_invierno,-0.216
automóvil_clásico,0.039
niña_feliz,0.901
días_tristes,-0.268
lago_hermoso,1.977
gato_común,-0.081
desarrollo_humano,0.125
tren_abandonado,-0.347
estilo_libre,0.25
lugares_especiales,0.006
mirada_intensa,0.068
paisaje_historico,0.07
aborto_terapéutico,0.383
moda_casual,-0.188
carácter_experimental,0.166
sincronización_lenta,-0.031
plano_inclinado,0.013
destino_final,-0.065
cúpula_nervada,-0.008
caida_libre,0.5
musica_experimental,0.236
alimentos_buenos,0.705
piedra_verde,0.125
joyas_naturales,-0.026
vidrios_rotos,-0.03
arquitectura_típica,0.044
arte_espectÁculos,0.25
pintor_artistico,0.193
mujer_pobre,-0.612
flor_infinita,-0.055
santa_cristiana,0.035
perro_real,-0.019
fuego_popular,0.008
concierto_joven,0.26
flores_silvestre,-0.021
puertas_abiertas,-0.212
efecto_especial,0.013
entregas_finales,-0.065
amigo_leal,2.188
hermosa_locura,0.477
interesante_arquitectura,0.07
ciudad_fortificada,0.004
calle_vieja,0.046
cultura_mundial,-0.141
derecho_constitucional,0.145
mala_arquitectura,-0.357
carpas_coloridas,0.003
casa_antiguas,1.043
aves_salvajes,-0.021
ana_bello,0.238
último_carnaval,-0.125
sistema_muscular,0.02
amigo_invisible,1.575
formación_superior,0.18
cultura_material,0.098
servicios_médicos,0.008
centro_técnico,0.054
ciudad_santa,0.062
bicicletas_eléctricas,-0.036
natural_canal,0.224
templo_mayor,0.233
letra_pequeña,0.078
fiesta_grande,1.796
pequeño_ser,-0.056
castillo_gotico,-0.041
naturaleza_extrema,-0.004
venta_real,0.031
gente_amiga,0.625
emotivo_video,0.06
mala_leche,-0.125
tren_loco,-0.127
noticia_real,-0.019
arte_costarricense,0.534
solo_tango,-0.388
pintura_natural,0.947
puerta_vieja,0.021
gente_linda,0.977
fábrica_buenos,0.353
campo_cultivado,1.135
mal_uso,-0.125
padre_encantado,1.898
buenos_tiempos,0.125
pasadizos_secretos,0.006
patas_largas,-0.042
piedra_antigua,-0.004
retiro_grande,0.125
gente_querida,0.688
ballena_feliz,0.449
simbolos_patrios,0.008
atentado_terrorista,-0.78
santa_casa,1.125
triste_gato,-1.036
papel_especial,0.006
agua_caliente,1.037
central_electrica,-0.057
comunicaciÓn_popular,0.013
chimenea_industrial,0.039
piscina_natural,0.449
relaciones_exteriores,-0.164
vehículo_histórico,0.035
desastre_natural,0.447
piel_radiante,1.016
linda_pareja,1.304
mundial_ciclismo,-0.07
educación_media,-0.332
vieja_chica,0.046
pintura_erotica,0.891
baño_alegre,0.613
ilustracion_comercial,-0.094
camión_antiguo,-0.026
hospitales_médicos,0.008
vision_abierta,-0.134
textura_verde,0.125
madres_adoptivas,0.062
autenticos_decadentes,0.204
alimentacion_natural,0.224
fuente_antigua,0.043
vivienda_abandonada,0.028
sueño_eterno,0.023
guitarra_antigua,0.021
mal_dolor,-2.53
plaza_grande,0.332
pintura_realista,-0.083
amor_juvenil,1.621
aire_libre,0.538
arbol_sagrado,0.07
estructura_ligera,-0.007
hojas_caídas,-0.01
fiesta_tradicional,1.625
alto_riesgo,0.049
expresión_infantil,0.383
gran_silencio,0.229
serpiente_emplumada,-0.656
lugar_especial,0.006
corte_masculino,-1.063
festividad_religiosa,-0.01
trajes_tipicos,0.044
paseo_imperial,0.057
arquitectura_gótica,-0.041
real_unión,-0.009
bosque_autóctono,0.002
arquitectura_gótico,-0.041
eje_ambiental,-0.004
sol_tropical,-0.043
asuntos_internos,0.175
iglesias_catolicas,0.098
tren_histórico,0.035
niña_alegre,1.23
tiempo_magico,0.519
caras_pintadas,-0.01
ganso_salvaje,-0.064
invasion_extraterrestre,-0.098
arte_exposicion,0.25
chico_lindo,1.332
vista_exterior,0.391
paja_mental,-0.022
calle_imperial,0.058
monumento_artístico,0.39
flora_endémica,0.042
cabo_menor,-0.062
infraestructura_educativa,0.015
vieja_fachada,0.043
ferrocarril_antiguo,0.021
cabello_ondulado,-0.008
puerto_exterior,0.125
poesía_joven,0.519
comunidad_autónoma,0.011
mirada_perdida,-0.055
fiesta_final,-0.13
edificio_antiguo,0.021
roca_dorada,0.254
desarrollo_democrático,0.058
árboles_secos,-0.057
grandes_espacios,0.165
muro_viejo,0.043
bello_cuerpo,0.977
animal_disecado,-1.711
bosque_mixto,-0.011
casa_viejo,1.043
costa_tropical,-0.043
domicilio_conocido,0.268
carrera_atlética,0.034
calle_medieval,-0.005
sol_bohemio,-0.023
fauna_increible,0.25
patio_barroco,-0.011
datos_personales,0.025
taller_creativo,0.035
contaminacion_ambiental,-1.503
sombra_larga,-0.065
noche_oscura,-0.142
belleza_silvestre,-0.043
extraño_lugar,-0.003
bajo_consumo,-0.014
azucar_tartas,0.125
fiesta_ancestral,-0.008
zacatero_común,-0.041
pueblo_histórico,0.57
fondo_antiguo,0.045
categoría_infantil,-0.208
mundo_perdido,-0.83
escuela_adultos,0.059
éxito_profesional,0.13
viento_frio,-0.433
cine_joven,0.26
libro_conceptual,0.578
tiempo_perdido,-0.83
jovenes_adolescentes,0.009
sitio_historico,0.035
cadáver_exquisito,0.336
teléfono_móvil,0.012
peña_alta,0.056
edificio_bonito,0.377
modelo_económico,0.092
palmera_artificial,-0.139
mujer_loca,-0.003
paseo_real,-0.027
catedral_imperial,0.086
trenes_especiales,0.006
revisión_mayor,0.025
ciclistas_desnudos,-0.015
regalo_invisible,-0.281
corazones_rotos,-0.03
grupo_joven,0.26
santa_misa,0.094
sentido_religioso,-0.02
paciente_crónico,-0.164
tren_especial,0.006
alto_tajo,0.049
ave_solitaria,-0.097
linda_modelo,0.35
vidrio_sucio,-0.512
viejos_pueblos,0.021
restauración_ambiental,-0.008
mancha_real,0.036
amor_romántico,1.68
playa_natural,1.947
gran_dama,0.234
cancha_sintetica,-0.085
musica_joven,0.672
gobierno_provisional,-0.196
chico_triste,-1.036
objetos_personales,0.025
playa_desierta,-0.141
rosal_silvestre,-0.021
escultura_policromada,0.125
mensaje_oculto,-0.138
mirada_tierna,-0.084
ligero_desenfoque,0.036
mayor_final,0.047
corazones_dulces,0.125
dibujo_técnico,0.026
grupo_grande,0.165
noche_perfecta,0.443
paraguas_transparente,0.054
sol_radiante,1
escarabajo_gigante,0.07
sombrero_loco,-0.284
fuego_oscuro,-0.454
fuertes_lluvias,-0.013
museo_barroco,-0.023
quebrada_grande,0.58
barranco_hondo,0.025
pelo_raro,0.104
otoño_mágico,-0.087
velocidad_rapida,0.508
noche_triste,-1.054
espacio_natural,0.945
feliz_postal,0.449
gran_café,0.115
rango_dinamico,0.042
gran_día,0.238
inteligencia_artificial,-0.208
espera_feliz,0.449
casa_solitaria,-0.055
brazos_abiertos,-0.053
coches_antiguos,0.021
vitral_gótico,-0.106
fiesta_santa,1.641
río_chiquito,0.062
santa_madre,1.625
delincuencia_organizada,-0.075
mal_amor,-0.714
lago_natural,1.447
política_educativa,0.015
callejón_histórico,0.035
bella_terraza,0.238
ciudad_judicial,0.049
balcón_principal,0.011
perrito_fiel,0.13
sanatorio_abandonado,-0.726
perro_perdido,-0.83
proyecto_joven,0.26
asombro_extremo,-0.332
ojos_tiernos,-0.053
retrato_loco,-0.127
cerro_redondo,0.024
delicadeza_feminina,-0.062
mujer_actual,0.537
biblioteca_real,0.062
palacio_abandonado,-0.695
fiesta_loca,-0.003
noche_fría,-0.201
jóvenes_estudiantes,0.009
presentación_final,-0.065
pequeña_mariposa,-0.156
curva_peligrosa,-0.238
recursos_económicos,0.031
automovil_antiguo,0.021
gato_salvaje,-0.047
circuito_electrico,0.004
enfermedades_mentales,-0.022
mujer_linda,0.82
agua_milagrosa,1.308
reales_sitios,0.014
dios_oscuro,-0.374
gran_parque,0.04
persona_sola,0.562
bola_oficial,0.132
salon_erotico,0.446
crucis_santa,0.125
gran_cafe,0.115
apoyo_mundial,-0.031
poesia_visual,-0.093
viejos_tiempos,0.168
fuego_larga,-0.122
flor_natural,1.494
capital_histórica,0.035
seguro_popular,1.008
centro_religioso,-0.02
pie_normal,-0.002
santa_muerte,0.125
playa_desnuda,1.734
amor_incondicional,-0.172
malos_tiempos,-0.464
cráneo_humano,0.125
graffiti_comercial,-0.204
personas_favoritas,0.035
colores_vivos,0.01
arquitectura_exterior,0.196
niño_guapo,0.832
gatos_callejeros,-0.238
barra_libre,0.197
comisiones_permanentes,-0.08
dinero_facil,1.57
clima_frio,-0.216
locomotora_eléctrica,-0.036
personas_especiales,0.006
billetes_antiguos,0.021
circuito_grande,0.165
estacion_abandonada,0.028
familia_joven,2.019
mar_congelado,-0.244
celebración_religiosa,-0.02
parque_chico,0.25
primavera_floral,1.005
amor_viejo,1.645
mirada_escondida,-0.307
hombre_moderno,0.538
museo_contemporáneo,0.505
fósil_viviente,0.102
escultura_religiosa,-0.01
sagrada_cena,0.641
publicidad_antigua,0.021
jornada_mundial,-0.141
bar_moderno,0.537
partido_amistoso,0.25
república_democrática,0.058
circo_pobre,-0.612
áreas_degradadas,-0.067
club_atlético,0.07
casas_especiales,0.006
retrato_parcial,0.088
barrio_joven,0.519
administración_eficiente,0.159
viejos_oficios,0.021
castillo_real,0.029
agua_ardiente,1.037
bosque_real,0.029
templo_principal,0.025
beneficio_común,-0.041
sauce_llorón,-0.082
verano_hermoso,0.488
cielo_limpio,1.168
buen_gobierno,0.125
adulto_jóven,0.019
adoptable_animal,0.562
edificios_modernos,0.018
radio_viejo,0.543
mejores_momentos,0.25
candidatos_presidenciales,-0.015
bella_flor,1.524
conjunto_monumental,0.376
patrimonio_natural,0.451
niño_trabajador,0.02
cultura_primitiva,-0.004
viaje_seguro,0.25
auto_abandonado,-0.347
flor_gigante,1.188
jóvenes_productivos,0.146
ganso_doméstico,0.003
impacto_ambiental,-0.008
crisis_mundial,-1.101
chicos_buenos,0.353
comida_caliente,0.534
mujer_gigante,0.641
playas_nocturnos,0.004
cartel_oficial,0.132
grande_ave,0.33
paños_mojados,-0.002
talento_humano,1.273
tratamientos_naturales,-0.026
gran_bandera,0.084
licencias_legales,0.11
paisaje_salvaje,-0.059
cerámica_artística,0.193
paisaje_natural,0.447
bello_amanecer,1.977
guerra_armada,0.01
linda_gatita,0.16
palacio_barroco,-0.023
grandes_esperanzas,0.149
fachada_tradicional,0.125
boda_medieval,-0.005
seguridad_económica,0.088
retrato_clásico,0.039
gatos_tristes,-0.538
señor_mayor,0.136
reloj_monumental,0.094
última_parada,-0.068
cuerpo_natural,0.947
paisaje_mixto,-0.039
escena_contemporánea,0.005
autos_viejos,0.021
lámpara_incandescente,0.047
chacarita_buenos,0.353
politica_economica,0.031
perro_abandonado,-0.695
danza_contemporánea,0.003
pinos_mágicos,-0.031
flor_simple,1.306
fachada_barroca,-0.148
estudio_creativo,0.035
ojos_claros,0.356
alta_decoración,0.025
roca_encantada,0.648
arquitectura_creativa,0.035
cine_malo,-0.357
cuidado_bucal,-0.307
republica_independiente,0.086
transformación_educativa,0.034
ciudad_amable,0.312
educación_ambiental,-0.008
rio_seco,-0.057
montaña_vieja,0.021
pobre_paulista,-0.306
modelo_educativo,0.061
barranco_alto,0.025
noche_espectacular,0.036
mujeres_desnudas,0.117
amigo_perro,1.266
puertas_reales,0.029
niños_perdidos,-0.29
bola_magica,-0.031
musica_sinfonica,0.184
reunión_especial,0.013
oficios_tradicionales,0.062
empresa_responsable,0.068
políticos_corruptos,-0.09
cuentos_cortos,-0.076
desayunos_saludables,0.339
arquitectura_contemporÁnea,0.003
hospital_viejo,0.043
mujeres_jóvenes,0.009
chica_hermosa,0.48
teatro_mágico,-0.031
amor_único,1.664
formación_práctica,0.269
monumento_natural,0.452
sesión_extraordinaria,0.044
pared_antigua,-0.057
fuente_vieja,0.043
ceremonia_oficial,0.346
historia_contemporánea,0.003
velocidad_lenta,-0.062
espacio_protegido,-0.312
mejor_edad,0.531
día_claro,0.177
cielo_precioso,1.477
pueblo_tradicional,0.625
morro_grande,0.314
real_monasterio,0.029
caribe_tropical,-0.021
antigua_cárcel,0.059
margen_derecha,0.1
melilla_fuerte,0.127
tamaño_grande,0.41
cine_mundial,-0.07
arena_caliente,0.017
pintura_monumental,0.688
creaciÓn_artística,0.193
retablo_barroco,-0.011
ojos_abiertos,-0.032
personajes_comicos,0.062
agua_sedosa,1.019
hora_mÁgica,-0.031
mala_comida,-0.714
diversidad_sexual,0.068
mundo_natural,0.947
diego_bueno,0.478
experiencia_joven,0.26
verde_menta,0.125
manifestación_popular,0.058
banco_industrial,0.039
mujer_muerta,-0.211
chico_guapo,1.82
ciencia_natural,0.455
gran_plaza,0.082
libertad_sexual,1.576
barrio_chico,0.503
paraiso_lindo,1.882
feliz_ano,0.449
personajes_famosos,0.07
formaciones_naturales,-0.026
coche_clasico,0.578
niña_sola,0.065
plano_contrapicado,0.052
piso_pequeño,-0.078
musica_moderna,0.19
web_abierta,-0.106
puente_medieval,-0.003
coche_descapotable,0.583
lado_frío,-0.184
palmera_tropical,-0.029
apoyos_económicos,0.031
trabajo_sucio,-1.025
plaza_monumental,0.19
ciencia_orgánica,0.097
casa_redonda,1.047
piedra_grande,0.165
planta_ecologica,-0.07
verde_turquesa,0.125
presentacion_oficial,0.132
día_grande,0.305
auto_viejo,0.021
visión_estratégica,0.008
património_mundial,-0.141
rio_triste,-0.518
loto_sagrado,0.07
ruta_natural,0.224
formación_pastoral,0.003
gran_duna,0.04
hombre_trabajador,0.517
dibujo_contemporaneo,0.003
entorno_natural,0.224
arquitectura_interior,0.014
paseo_triste,-1.044
cielo_nublado,-0.266
arquitectura_monumental,0.094
caballo_real,0.559
sesion_exterior,0.129
tiempo_muerto,-0.375
silla_rota,-0.03
señal_baja,-0.014
sueños_rotos,-0.03
mejor_futuro,0.512
arquitectura_tipica,0.044
mala_educacion,-0.714
monasterio_pintado,-0.01
comida_podrida,-0.229
perro_pequeño,-0.156
arquitectura_singular,0.049
pieza_unica,0.099
ciudad_moderna,0.018
oficina_antigua,0.021
mar_raro,0.133
luces_desenfocadas,-0.133
escuela_católica,0.098
puente_grande,0.148
angel_caído,-0.02
coche_histórico,0.57
iglesia_cristiana,0.07
combate_medieval,-0.003
agua_fuertes,1.006
camino_natural,0.224
juguete_antiguo,-0.026
tamaño_mediano,-0.015
señales_luminosas,-0.007
asuntos_exteriores,-0.164
proceso_antiguo,0.043
rosa_viejo,0.021
zona_peatonal,-0.024
áreas_naturales,-0.026
formas_raras,0.133
caballo_muerto,-0.961
vestido_antiguo,-0.008
paso_grande,0.125
alumbrado_electrico,-0.077
estilo_clásico,0.156
libros_usados,0.021
ojos_plastico,0.271
secundaria_técnica,0.026
policia_preventiva,0.094
música_ambiente,0.294
camino_nevado,0.013
cielo_hermoso,1.977
puerto_viejo,0.021
estructura_económica,0.031
mesa_decorada,0.07
reunión_ordinaria,-0.037
pez_azul,0.25
cachorro_pequeno,-0.156
monumento_historico,0.075
cine_fantastico,0.031
reserva_ecologica,-0.07
bella_tarde,0.238
perro_feo,-0.836
manual_educativo,0.015
espacio_infinito,-0.055
publicidad_creativa,0.035
plata_vieja,0.021
clínica_estética,0.193
hombre_solo,-0.5
edificio_moderno,0.018
villa_medieval,-0.003
olas_gigantes,0.07
lugar_exclusivo,0.091
musica_popular,0.161
mar_pacífico,0.062
lugar_maravilloso,0.656
loco_lobo,-0.127
alto_rendimiento,0.065
espacio_exterior,0.748
día_soleado,1.009
danza_aerea,-0.019
palacio_imperial,0.555
pintura_externa,-0.02
casa_tradicional,1.125
perro_guapo,1.141
animal_abandonado,-2.336
turismo_industrial,0.039
chico_drama,0.703
pueblo_típico,0.589
semanas_musicales,0.067
gran_bazar,0.228
día_largo,-0.042
niños_especiales,0.006
vidro_colorido,0.003
playa_interior,1.508
plano_corto,-0.209
cuadro_teatral,0.054
pareja_feliz,1.882
música_contemporÁnea,0.158
pintura_industrial,0.578
pantano_vacío,0.141
gran_roca,0.087
especial_embarazo,0.006
zapatillas_pintadas,-0.01
puerta_antigua,0.021
jardín_romántico,0.039
cuchilla_alta,0.058
espejo_natural,0.572
diálogo_crítico,0.052
mundo_divertido,0.656
guerra_psicologica,-1.07
ventana_abierta,-0.053
retrato_humano,0.125
respuesta_rápida,0.163
alto_ventanas,0.025
bellas_flores,0.238
música_experimental,0.236
magia_nocturna,-0.08
fauna_nativa,0.002
castillo_medieval,-0.003
iglesia_catolica,0.195
retrato_artistico,0.193
reserva_integral,0.163
foro_popular,0.004
estudio_arte,0.25
castillo_grande,0.148
invierno_tropical,-0.021
ramas_secas,-0.057
hojas_muertas,-0.105
joyas_antiguas,-0.026
gel_limpiador,0.035
sala_decorada,0.176
actuación_musical,0.149
unión_antigua,-0.01
arquitectura_antigua,-0.004
monte_nativo,0.002
seres_fantásticos,0.031
ciudad_industrial,0.039
tallo_verde,0.125
piedra_natural,0.224
parque_ambiental,-0.004
amor_puro,1.667
mercado_moderno,0.018
juventud_radical,1.038
agua_natural,1.32
vidas_anónimas,-0.121
padres_divorciados,0.031
templo_sagrado,0.145
breña_alta,0.025
retrato_profesional,0.006
vagon_abandonado,-0.347
desayuno_saludable,0.339
museo_ciudad,0.125
templo_católico,0.098
mundo_mundano,-0.057
cine_real,0.125
mágico_atardecer,-0.031
árbol_caído,-0.01
cabo_verde,0.125
mate_amargo,-0.239
oso_pardo,0.5
fundación_iguales,0.004
arquitectura_barroca,-0.011
tren_expreso,-0.094
costa_azul,1
mundo_paralelo,-0.031
hierba_fresca,-0.052
baile_tradicional,0.062
lengua_azul,0.25
santa_biblia,0.062
mundo_bohemio,-0.023
fiesta_caliente,1.534
lluvia_acida,-0.11
lindas_edecanes,0.16
ciudad_monumental,0.094
espacio_joven,1.017
campo_oscuro,-0.25
arquitectura_análoga,0.031
pequeño_jardín,-0.078
pelo_mojado,-0.002
familia_real,1.559
ciencias_naturales,-0.026
retrato_exterior,0.129
entrada_medieval,-0.003
torneo_final,-0.065
puerto_tranquilo,0.068
baño_relajante,0.07
gran_teatro,0.115
sitios_abandonados,0.028
escudo_real,0.059
naturaleza_viva,1.652
parque_bello,0.238
caléndula_silvestre,-0.021
curiosidad_infantil,-0.141
manga_real,0.014
interior_teatro,0.004
bosque_bello,0.238
piel_suave,0.983
personas_mayores,0.282
monocromo_natural,0.25
hoja_muerta,-0.105
sufragio_efectivo,0.177
buen_tiempo,0.786
torre_monumental,0.193
noche_magica,-0.08
alta_velocidad,0.549
lugar_tranquilo,0.068
pintura_plástica,0.583
playa_linda,2.003
grande_obra,0.481
civilizaciones_antiguas,-0.004
suelo_mojado,-0.007
literatura_popular,0.004
llave_antigua,-0.026
mujer_especial,0.513
media_plaza,0.014
serie_limitada,-0.088
mar_tranquila,-0.12
medios_independientes,-0.039
puerta_pequeña,-0.078
isla_graciosa,-0.047
maquillaje_profesional,0.006
música_religiosa,-0.02
premio_especial,1.096
capa_caida,-0.964
bonito_amanecer,2.227
educación_primaria,0.214
plan_estratégico,0.004
mundial_deporte,-0.177
cambio_radical,0.028
gran_dios,0.233
fabuloso_destino,0.115
suave_brisa,1.553
pintura_original,-0.062
recinto_fortificado,0.016
mujer_adulta,0.617
surreal_estudio,-0.07
lugar_encantado,0.321
cementerio_antiguo,0.043
cueva_antigua,-0.004
vias_muertas,-0.105
arco_oscuro,-0.187
sesión_exterior,0.268
centro_medieval,-0.005
princesa_preciosa,0.238
ciudad_oscura,-0.062
capital_mundial,-0.07
consultora_estratégica,0.004
mejores_atardeceres,0.531
cuarto_oscuro,-0.374
mujer_mayor,0.635
plaza_pequeña,-0.156
protección_medioambiente,-0.073
gente_normal,-0.004
valle_nevado,0.013
grande_salto,0.296
lago_dorado,1.247
arquitectura_industrial,0.039
ciudad_mágica,-0.031
parque_ecológico,-0.035
mujeres_pintadas,-0.01
media_distancia,-0.047
homem_moderno,0.018
belleza_real,-0.019
pequeñas_empresas,-0.078
vagones_viejos,0.021
educacion_autonoma,0.107
bar_cerrado,-0.141
candado_oxidado,-0.102
toma_vieja,0.021
margen_izquierda,-0.029
momentos_especiales,0.006
chica_triste,-1.533
recurso_natural,0.224
planta_silvestre,-0.043
puerto_seguro,0.289
papel_poroso,-0.068
margen_izquierdo,-0.029
diversidad_étnica,-0.234
boda_espiritual,0.52
falsas_noticias,-0.388
grandes_eventos,0.149
asfalto_mojado,-0.002
edificios_altos,-0.062
gato_pequeño,-0.156
bella_niña,0.48
grande_grafiti,0.33
seguridad_ambiental,-0.008
espacio_escultórico,-0.008
mar_rico,0.124
ángel_caído,-0.02
mirada_sensual,-0.093
playa_seca,-0.114
puente_real,0.014
ventana_antigua,0.021
arbol_grande,0.148
paseo_feliz,0.898
cachorro_abandonado,-0.695
formas_diferentes,0.009
arquitectura_clásica,0.022
interes_humano,0.754
casas_sostenibles,0.196
infancia_perdida,-0.29
aire_romántico,0.578
cultura_religiosa,-0.02
tunel_peatonal,-0.024
cuidado_diario,-0.307
arco_medieval,-0.003
graffiti_artístico,0.385
cocina_creativa,0.035
horizonte_infinito,-0.055
barrio_cristiano,0.07
ciudad_medieval,-0.003
camino_antiguo,0.021
niño_triste,-1.036
ojos_lindos,0.665
puente_caido,-0.01
alta_plaza,0.051
pueblo_magico,0.938
feliz_verano,0.449
retrato_intimo,0.357
ojos_preciosos,0.665
traje_tradicional,0.125
santuario_natural,0.447
gran_templo,0.233
mujer_embarazada,-0.078
vista_externa,-0.089
guardia_imperial,0.028
arena_verde,0.125
fuente_nocturna,0.004
dibujitos_animados,0.035
puente_natural,0.224
asentamiento_humano,0.25
vestimenta_tradicional,0.125
niño_solo,-0.5
verano_lluvioso,-0.031
automovil_clasico,0.039
mar_eterno,0.039
modelo_especial,0.043
boca_bella,0.238
potrero_grande,0.33
campo_seco,-0.114
futuro_remoto,0.003
gran_caracas,0.115
frases_bonitas,-0.004
capilla_abierta,-0.053
caballo_pequeño,-0.156
amanecer_sereno,-0.047
perro_grande,0.617
vidrio_empañado,0.031
cantante_famosa,0.07
novillada_mixta,-0.023
degradación_ambiental,-0.008
actos_religiosos,-0.01
calle_antigua,0.046
mercado_medieval,-0.003
ilustración_tradicional,0.191
zona_antigua,0.021
eventos_profesionales,0.006
río_celeste,0.042
puerto_oscuro,-0.187
foro_mundial,-0.031
imperio_antiguo,-0.004
evento_popular,0.004
musica_contemporánea,0.158
inteligencia_emocional,0.171
arte_surrealista,-0.07
estilo_contemporáneo,0.01
hojas_mojadas,-0.002
pelo_oscuro,-0.187
gato_romantico,1.076
preciosa_flor,1.367
gato_feliz,1.396
gato_malo,-0.238
parque_bonito,0.377
madera_antigua,-0.013
pescado_muerto,-0.48
real_ojo,-0.019
niños_mayores,0.068
programa_especial,0.006
arbol_seco,-0.057
centro_asistencial,0.017
vivienda_tradicional,0.062
mujer_bella,0.977
cantante_popular,0.004
chica_sexy,1.394
largo_mar,-0.047
retrato_informal,-0.094
bicis_eléctricas,-0.036
poste_elÉctrico,-0.079
retrato_gótico,-0.041
viajes_cortos,-0.153
ciudad_baja,0.125
lago_tranquilo,1.203
pequeña_mezquita,-0.078
antropología_médica,0.008
manga_corta,-0.076
animal_joven,0.519
capilla_barroca,-0.011
templo_viejo,0.047
creaciÓn_contemporÁnea,0.003
torre_medieval,-0.005
bella_janela,0.238
oficial_estado,0.132
vestido_dorado,-0.008
icono_religioso,-0.01
espacio_interactivo,0.56
historias_cortas,-0.076
familias_felices,0.449
coche_antiguo,0.543
chicas_guapas,-0.004
voluntad_popular,0.013
río_mágico,-0.031
centro_histórico,0.071
desnudo_erotico,1.234
textura_visual,-0.07
calle_típica,0.092
rendimiento_deportivo,0.084
ferrocarril_abandonado,-0.347
pintura_religiosa,-0.02
gente_simples,0.509
plaza_real,0.029
musica_importante,0.372
ciudadano_inteligente,0.088
teatro_corporal,-0.001
construcción_natural,0.224
mejor_playa,2.562
alimento_saludable,0.25
catedral_vieja,0.074
escapada_romántica,0.203
alegre_parque,0.613
impacto_económico,0.066
travesia_sagrada,0.148
calles_misteriosas,-0.019
alta_montaña,0.025
construcción_tradicional,0.062
teatro_histórico,0.035
detalles_naturales,-0.026
pasto_seco,-0.057
solo_cielo,-0.5
pena_vieja,0.043
muñeca_mala,-0.357
cabello_natural,0.224
alegre_mente,1.785
linda_muerte,0.32
palacio_viejo,0.543
tarde_fria,-0.091
educacion_tecnica,0.139
carro_alegre,0.649
automóviles_clásicos,0.039
paloma_salvaje,-0.043
cantor_popular,0.004
chica_desnuda,-0.031
lirio_silvestre,-0.021
mal_son,-0.281
literatura_contemporánea,0.003
mundo_global,-0.062
tarde_triste,-0.518
seres_vivos,0.204
cultura_artística,0.441
mala_educación,-0.714
mujer_maltratada,-0.562
real_moto,-0.009
día_aburrido,-0.562
reloj_antiguo,-0.013
mala_chica,-0.714
natural_cielo,1.447
temperatura_extrema,-0.035
parque_exterior,0.125
niña_morena,-0.062
gente_mala,-0.714
alto_plano,0.025
familia_feliz,2.398
lugares_pintorescos,0.031
tiempo_pasado,-0.015
carnaval_malo,-0.771
flores_secas,-0.035
canto_grande,0.165
museo_abierto,-0.106
ciudad_antigua,-0.004
cerro_bello,0.238
universidad_autónoma,0.011
jardín_tropical,-0.021
dibujos_comicos,0.062
relación_bilateral,-0.003
mala_muerte,-1.454
mujeres_juntas,0.07
enseñanza_superior,0.18
barrio_histórico,0.195
piel_sensible,-0.075
calle_mayor,0.024
acto_poetico,-0.04
amor_imposible,-0.104
cultura_popular,0.064
estructura_gótica,-0.041
playa_solitaria,-0.055
rizos_definidos,0.179
bailes_tradicionales,0.062
puerto_principal,0.011
monasterio_medieval,-0.003
miedo_inocente,0.335
pecado_original,-0.575
serrucho_musical,0.067
correo_nacional,0.503
padres_separados,-0.041
bienvenida_primavera,1.25
campo_bonito,1.753
loca_moda,-0.003
personal_extranjero,-0.082
largo_recorrido,-0.021
regalo_navidad,1.036
jardin_celeste,1.083
personas_anonimas,-0.121
alto_hotel,0.549
iglesias_barrocas,-0.011
bóveda_nervada,-0.004
restaurante_erótico,0.891
matrimonio_igualitario,0.043
histórico_rio,0.035
gran_regalo,1.265
concurso_público,-0.106
grande_disco,0.165
bella_forma,0.528
antigua_aduana,0.021
taller_abierto,-0.053
rincón_tranquilo,0.156
archivo_original,-0.031
escultura_barroca,-0.011
paraiso_tropical,-0.043
Áreas_naturales,-0.026
bandera_tricolor,0.032
libertad_real,-0.019
solo_vino,-0.051
competencia_desleal,-0.75
juventud_perdida,-0.58
vestido_corto,-0.403
hombres_fuertes,0.002
ansiedad_generalizada,-0.843
postales_antiguas,0.021
modelo_anorexica,-0.141
bosque_mágico,-0.031
ambiente_natural,0.224
representación_artística,0.387
grafiti_poetico,-0.043
ejercicio_fiscal,0.031
daño_directo,0.05
potrero_seco,-0.122
muchacha_joven,0.75
bajos_ingresos,-0.014
feliz_mente,1.456
camino_viejo,0.021
escuela_abandonada,0.028
parque_dorado,0.123
ojos_bellos,0.665
libertador_bolivar,0.125
piernas_largas,-0.042
correo_directo,0.55
lugares_mágicos,-0.031
flora_nativa,0.004
lugares_sagrados,0.07
conciencia_ecológica,-0.07
nivel_medio,-0.088
interés_humano,0.254
bosque_nativo,0.002
lago_lindo,1.477
parque_principal,0.011
mercado_barroco,-0.011
escenas_familiares,0.06
cielo_claro,1.168
modelo_desnuda,0.264
maravilloso_mundo,1
ojo_cerrado,-0.141
hombre_mayor,0.636
maldito_diablo,-1.159
tacto_suave,0.505
música_polifónica,0.2
bello_horizonte,0.481
niña_aburrida,0.042
papel_colorido,0.003
cocina_rural,0.003
parque_nevado,0.013
antiguo_bar,0.543
mujer_soñadora,0.617
pequeñas_vacaciones,-0.056
centro_bonito,0.754
gato_misterioso,-0.039
frente_fria,-0.185
estatuas_religiosas,-0.01
gran_piramide,0.115
otoño_magico,0.508
patrimonio_intangible,-0.27
economia_sostenible,0.391
radio_cristiana,0.57
chica_sola,-0.136
madre_joven,2.019
respiración_artificial,-0.104
cultura_natal,0.06
perspectiva_baja,-0.014
bosque_encantado,0.321
paisajes_interiores,0.014
pareja_joven,1.503
bella_gente,0.977
piso_grande,0.33
noche_caliente,0.034
casa_verde,0.75
escuelas_primarias,0.064
lindo_perrito,0.16
casas_modernas,0.018
escena_doméstica,0.003
trastorno_bipolar,-0.11
mundo_salvaje,-0.043
mayor_transparencia,0.271
murales_decorativos,0.07
asamblea_ordinaria,0.008
bajo_flamenco,-0.014
hoja_seca,-0.057
temporal_cantabrico,0.047
carnaval_mundial,-0.198
mercado_grande,0.165
democracia_participativa,0.008
espacios_internos,0.025
rio_lindo,0.015
niña_grande,0.299
principe_azul,0.25
paseo_verde,0.125
calle_oscura,-0.124
construcción_antigua,0.021
galeria_abierta,-0.053
mujer_hermosa,0.977
paisaje_bonito,0.377
piedra_artificial,-0.104
comunidad_joven,0.26
antiguos_oficios,-0.004
iglesia_medieval,-0.505
fundación_especial,0.006
cine_oscuro,-0.187
pensamientos_positivos,0.052
fruto_silvestre,-0.021
catedral_gótica,-0.081
madera_natural,0.224
catedral_gótico,-0.081
ave_silvestre,-0.056
sesión_romántica,0.078
parque_alto,0.025
rinoceronte_escondido,-0.138
verde_natural,0.75
gente_loca,-0.003
castillo_gótico,-0.041
partido_demócrata,0.058
efecto_sedoso,0.016
revista_bohemia,-0.011
contaminación_lumínica,-1.509
chica_bella,0.48
poder_joven,0.522
feltro_creativo,0.035
fondo_oscuro,-0.374
menina_feliz,0.449
pantalón_corto,-0.125
psicologia_moderna,0.018
momentos_mágicos,-0.031
seres_mitológicos,-0.124
río_helado,-0.119
buen_retiro,0.353
moderna_architecture,0.018
casa_dorada,1.247
pez_tropical,-0.021
mujer_preciosa,0.977
cuentos_diferentes,0.009
cirugía_plastica,0.042
hermosas_flores,0.238
paisaje_Árido,-0.381
pueblo_rico,0.624
servicio_educativo,0.015
hermoso_gato,1.475
derecho_fundamental,0.132
santa_sede,0.062
ejército_libertador,0.125
real_observatorio,0.029
universidad_autonoma,0.011
ser_especial,0.006
vela_natural,0.224
libro_educativo,0.531
carrera_popular,0.011
pobre_diablo,-1.709
jardín_orgánico,0.044
buen_fin,0.707
puro_club,0.067
tarde_tonta,-0.105
persona_linda,1.003
agua_fresca,-0.105
amor_infinito,-0.055
corto_plazo,-0.202
finca_antigua,-0.01
auto_clásico,0.039
video_corto,-0.202
insecto_grande,0.33
altas_luzes,0.025
teatro_físico,-0.001
bella_madre,1.977
antigua_iglesia,0.043
origen_natural,0.447
gran_final,-0.26
huerta_ecológica,0.044
desarrollo_personal,0.025
publicidad_callejera,0.004
selva_salvaje,-0.053
vidrio_roto,-0.155
reportaje_especial,0.006
feria_real,-0.019
música_especial,0.166
comisión_especial,0.041
catedral_alta,0.08
noche_mágica,-0.08
curso_profesional,0.006
hombres_desnudos,-0.015
flores_silvestres,-0.021
cupcake_gigante,0.07
saturacion_selectiva,0.312
mundial_futbol,-0.07
chica_joven,0.522
mejor_voz,1.068
camino_tranquilo,0.068
arco_ciego,-0.386
teatro_real,0.029
hotel_abandonado,-0.695
piso_mojado,-0.009
espacio_abierto,-0.106
juguete_viejo,0.537
cita_eterna,0.019
cultura_visual,-0.07
desarrollo_ecológico,-0.035
mundo_mudo,-0.044
gente_especial,0.513
soporte_tecnico,0.026
iglesia_grande,0.33
ropa_sensual,0.891
flor_cultivada,1.182
día_raro,0.254
celebración_penitencial,0.782
pelo_alborotado,-0.274
mundo_loco,-0.253
pampa_santa,0.062
gato_doméstico,0.501
gótico_vasco,-0.089
casas_lindas,0.16
chicas_sexy,1.391
armas_antiguas,-0.004
hielo_picado,-0.035
cuadros_famosos,0.07
futbol_profesional,0.006
pueblo_medieval,-0.005
alto_humano,0.125
servicio_doméstico,0.002
curso_completo,0.133
flor_grande,1.343
hora_mágica,-0.031
religion_ortodoxa,0.065
ser_libre,0.25
ciudad_grande,0.148
estudio_portatil,0.015
playa_tropical,-0.043
perrito_triste,-0.518
tiempos_lentos,-0.062
independientes_estudiantes,-0.039
costa_alta,1.049
zona_típica,0.044
tren_viejo,0.021
pueblos_abandonados,0.028
rata_muerta,-1.224
distrito_capital,0.208
juguete_tradicional,0.619
vieja_gente,0.635
madera_nativa,0.002
causas_perdidas,-0.29
bomberos_voluntarios,0.008
proyecto_ambiental,-0.004
carro_clasico,0.039
corona_mayor,0.188
libre_albedrío,0.782
paisaje_protegido,-0.328
gobierno_eficiente,0.062
lucha_libre,0.5
patrimonio_sonoro,0.325
religion_catolica,0.098
bajos_fondos,0.125
campeonato_mundial,-0.172
mejores_deseos,0.531
rubio_natural,0.224
maravilla_natural,1.77
casa_elegante,1.682
casa_encantada,1.573
niños_grandes,0.193
muralla_medieval,-0.054
playa_feliz,2.398
sitio_histórico,0.035
equipo_humano,0.125
simbolo_cristiano,0.035
globo_aerostatico,0.017
rumbo_estratégico,0.01
amor_real,-0.019
mujer_joven,1.019
palacio_real,0.559
río_tranquilo,0.102
actividades_artísticas,0.885
ascensor_eléctrico,-0.036
cajas_abiertas,-0.053
amor_bello,2.079
pequeño_país,-0.078
ciudad_feliz,0.449
lago_seco,-0.114
proyecto_final,-0.065
pueblos_magicos,-0.031
puerta_rústica,0.003
madre_dolorosa,-0.562
servicio_exterior,0.043
ojos_tapados,-0.5
opciones_académicas,-0.024
periodismo_humano,0.125
tradicion_religiosa,-0.02
pato_salvaje,-0.047
chica_linda,0.323
políticas_económicas,0.031
energía_renovable,0.289
hora_dorada,0.123
ruta_verde,0.125
nuestros_mayores,0.094
rio_mágico,-0.031
hombre_disfrazado,-0.031
señorita_antigua,-0.01
cielo_iluminado,1.031
patrimonio_material,0.046
espacios_dignos,0.297
animales_terrestres,0.013
momentos_magicos,-0.031
investigación_visual,-0.035
cuidado_cabello,-0.307
piso_antiguo,0.043
espacios_comerciales,-0.094
volcán_activo,0.119
água_verde,0.125
mÚsica_popular,0.161
agricultura_ecológica,0.044
feliz_aÑo,1.398
instalaciones_interior,0.004
bosque_alto,0.025
maravilla_silvestre,-0.043
encuentro_inesperado,-0.191
batalla_medieval,-0.003
niña_pobre,-0.612
boca_larga,-0.021
família_amigos,0.125
animales_nativos,0.004
juego_tradicional,0.608
tren_mixto,-0.011
discapacidad_intelectual,0.365
mal_genio,-0.125
desarrollo_profesional,0.006
mujer_desnuda,-0.031
arquitectura_superior,0.089
respeto_medioambiental,-0.008
mejor_amigo,2.578
hombre_guapo,1.321
talento_joven,1.542
fachada_grande,0.33
economía_mundial,-0.059
religión_popular,0.004
campaña_permanente,-0.196
día_triste,-1.036
tortuga_muerta,-0.211
horizonte_despejado,0.172
otoño_dorado,0.123
barrios_antiguo,0.021
lugar_feliz,0.449
laguna_natural,0.224
bella_sombra,0.477
fondo_liso,-0.042
niño_lindo,0.332
maquinaria_antigua,0.021
puro_cielo,1.065
pajaros_salvajes,-0.021
momentos_felices,0.449
retrato_conceptual,0.039
araña_gigante,0.07
flores_tropicales,-0.021
coro_alto,0.025
casas_mojadas,-0.002
instalaciones_dignas,0.136
fortaleza_natural,0.224
bella_sonrisa,0.493
grande_final,0.339
playa_grande,1.796
barrio_pobre,-0.125
alta_ave,0.049
fútbol_real,-0.009
cambio_global,-1.021
retórica_visual,-0.07
niña_pequeña,-0.111
arquitectura_popular,0.004
activa_internet,0.119
grande_familia,1.83
mujer_natural,0.947
maravillas_modernas,0.018
edificio_alto,-0.062
mar_agitado,-0.293
lugar_pintado,-0.01
población_vulnerable,0.084
hermoso_paisaje,0.977
música_tradicional,0.278
viejo_almacén,0.021
comida_tradicional,0.62
casas_elegantes,0.091
gran_bar,0.729
calamar_gigante,0.07
arbol_florido,0.008
campo_limpio,1.117
mejor_servicio,0.531
proyectos_estratégicos,0.004
puro_pie,0.065
poemas_perdidos,-0.29
moda_divertida,-0.094
lobo_aullando,0.281
marketing_directo,0.025
directora_artística,0.193
roca_granítica,-0.016
centro_democratico,0.116
río_frío,-0.091
fiesta_medieval,-0.005
pequeño_tibet,-0.056
corazón_roto,-1.782
costa_quebrada,-0.06
Área_protegida,-0.281
extra_laboral,-0.083
hombre_invisible,-0.281
radio_antigua,0.543
pies_mojados,-0.002
lindo_sol,1.323
iluminacion_profesional,0.013
buenos_recuerdos,1.205
ciudad_perdida,-0.29
tiempo_moderno,0.018
loco_club,-0.253
entorno_histórico,0.035
verde_árbol,0.125
tejado_viejo,0.021
fuego_real,-0.099
cúpula_dorada,0.251
rio_tranquilo,0.068
tonos_frios,-0.091
ecosistema_terrestre,0.006
rosas_secas,-0.035
coloración_permanente,-0.196
sol_alto,1.052
profesión_religiosa,-0.032
estero_salado,-0.281
pueblo_pintoresco,0.664
bienestar_emocional,0.683
gente_guapa,1.477
gran_escenario,0.054
larga_espera,-0.021
pajaros_silvestres,-0.021
camara_clásica,0.044
gran_fiesta,1.546
movilidad_sostenible,1.625
río_manso,0.022
educación_básica,0.106
mesa_vieja,0.021
habla_serio,-0.25
jardín_real,0.029
calle_abierta,-0.106
pueblos_medievales,-0.003
república_independiente,0.086
lindo_paseo,0.503
templo_dorado,0.251
mano_seca,0.644
nocturnal_animal,0.008
taller_intensivo,0.029
ruta_medieval,-0.003
bajo_imperio,0.125
bosque_tropical,-0.021
niño_viejo,0.047
mujer_sola,0.562
impacto_evangelistico,0.059
codigo_organico,0.044
obra_popular,0.01
triciclo_electrico,-0.036
tortas_dulces,0.125
retrato_pintado,-0.01
gatos_amorosos,0.281
botánico_histórico,0.035
calle_baja,0.253
pueblo_joven,1.019
torre_eléctrica,0.013
gran_puerto,0.103
mujer_invisible,-0.281
iluminación_medieval,-0.005
macho_grande,0.165
populares_valencianos,0.004
real_jamon,-0.023
plan_operativo,0.008
regalo_flores,0.25
lugar_histórico,0.035
desnudo_artistico,0.193
lindo_mar,0.32
flores_bonitas,-0.004
fachada_singular,0.049
producción_artística,0.385
arquitectos_originales,-0.031
termas_naturales,-0.013
flor_seca,-0.114
lugares_misteriosos,-0.019
gente_mayor,0.635
amigos_invisibles,-0.281
decoración_floral,0.003
casa_rústica,1.005
recurso_humano,0.125
juguete_roto,-0.31
pensión_derivada,0.031
mundo_antiguo,-0.008
gran_estacion,0.312
espacio_compartido,0.506
escena_abierta,-0.133
bosque_muerto,-0.48
tonos_suaves,-0.009
hombre_desnudo,-0.031
amigos_ana,0.125
proyectos_productivos,0.146
iluminación_natural,0.25
mundos_paralelos,-0.015
gran_pirámide,0.115
transporte_sustentable,0.196
casas_encaladas,-0.032
marketing_ambiental,-0.004
frases_románticas,0.039
sentimiento_muerto,-0.961
roca_oceanica,-0.005
poblaciones_vulnerables,0.021
teatro_comico,0.062
gusto_helado,0.066
vieja_mar,0.043
escalera_imperial,0.028
cielo_eléctrico,-0.073
gran_torre,0.234
archipiélago_mágico,-0.031
purísima_concepciÓn,0.051
aceites_esenciales,0.058
claustro_gótico,-0.041
madera_decorada,0.07
paisaje_nublado,-0.282
playa_helada,1.562
playa_morena,-0.062
acciones_preventivas,0.094
hotel_antiguo,0.543
arquitectura_integral,0.042
mundial_turismo,-0.07
señora_mayor,0.048
piedras_naturales,-0.026
exterior_noche,0.125
especie_protegida,-0.562
paraíso_natural,0.509
jardín_natural,0.224
tiempos_mejores,1.148
amor_ciego,-0.771
vista_aérea,-0.108
arquitectura_organica,0.044
viejo_chico,1.043
momento_tierno,0.957
patrimonio_inmaterial,-0.27
alma_vieja,0.021
cielo_empedrado,1.016
piel_pálida,-0.194
hotel_tradicional,0.625
consejo_consultivo,0.031
playa_encantada,2.073
bella_noche,0.477
mano_amiga,0.652
jaula_protectora,0.003
mal_hecho,-0.125
madre_vieja,1.543
labrador_dorado,0.123
fábrica_recuperada,0.062
carretera_solitaria,-0.028
cielo_perfecto,2.193
moda_bella,0.539
flamenco_puro,0.033
equilibrio_precario,-0.198
perro_gracioso,0.477
ojo_humano,0.363
pensamiento_humano,0.25
toro_salvaje,-0.057
paisaje_artístico,0.385
grandes_proyectos,0.165
ciudad_natural,0.224
barco_antiguo,0.543
mata_seca,-0.057
animales_salvajes,-1.543
gran_premio,1.207
fuego_artificiales,-0.288
fuente_medieval,-0.003
juego_gigante,0.624
lago_bonito,1.753
valle_viejo,0.021
suave_viento,0.49
participación_integral,0.008
penitente_nazareno,-0.281
barrio_popular,0.008
calor_humano,0.125
mirada_diferente,0.019
alma_bella,0.238
esgrima_antigua,0.021
pequeño_pony,-0.056
iluminación_artificial,-0.212
paraje_natural,0.224
agua_industrial,1.081
cultura_medieval,-0.005
cartel_curioso,-0.047
vestido_adolescente,0.542
puerta_cerrada,-0.282
zona_joven,0.26
ojo_loco,-0.253
mal_forma,-0.714
boca_abierta,-0.053
festa_feliz,0.449
decoración_original,-0.031
gran_sonrisa,0.062
ganaderia_sostenible,0.196
diario_ideal,0.094
grandes_almacenes,0.125
bella_plaza,0.479
suelo_industrial,0.079
tarde_alegre,0.308
gran_pueblo,0.729
cubo_magico,0.441
instituto_profesional,0.006
gente_común,-0.081
mejor_lugar,0.531
invierno_largo,-0.021
gran_lago,1.229
ruta_larga,-0.021
piel_delicada,-0.009
temperatura_fria,-0.214
gran_campaña,0.115
laguna_grande,0.148
caliente_cafe,0.017
flor_fresca,-0.105
evaluación_educativa,0.039
vista_real,0.028
viejo_madera,0.021
lago_congelado,-0.239
agua_estancada,-0.477
cabo_grande,0.165
pequeños_tesoros,-0.056
realidades_paralelas,-0.015
caras_duras,-0.054
naturaleza_nocturna,1.558
ballena_franca,0.1
gobierno_honesto,0.306
chica_gotica,-0.081
linda_bailarina,0.16
paisaje_abandonado,-0.907
retrato_experimental,0.042
gran_modelo,0.259
paciente_informado,0.141
soporte_técnico,0.026
grande_hotel,0.75
rostro_bello,0.477
alto_río,0.025
bombero_voluntario,0.008
energia_renovable,0.289
cielo_colorido,1.005
temores_infantiles,-0.125
pequeñas_piedras,-0.078
moda_adolescente,0.109
grandes_flores,0.165
gran_poder,0.232
molino_real,0.014
vieja_historia,0.043
tormenta_perfecta,0.443
mujer_sensual,-0.062
mal_humor,-0.714
partido_liberal,0.181
pareja_mayor,1.119
cielo_amenazante,-0.562
pueblo_abandonado,-0.695
personas_reales,-0.009
cloro_líquido,0.018
larga_distancia,-0.045
rostro_anciano,0.043
musica_clasica,0.197
antiguo_muelle,0.021
barrio_tradicional,0.125
paso_deprimido,-0.541
casa_tropical,-0.043
mucha_sangre,0.125
mundo_oculto,-0.276
generacion_perdida,-0.29
gato_loco,-0.253
acción_comercial,-0.188
barrio_triste,-1.044
zona_natural,0.224
sueño_grande,0.148
plantas_silvestres,-0.021
violencia_terrorista,-0.755
lluvia_artificial,-0.104
escultura_medieval,-0.003
animales_abandonados,0.055
grande_capital,0.58
payaso_asesino,-0.806
família_natal,0.002
momento_inolvidable,-0.234
dormitorio_principal,0.07
lineas_paralelas,-0.015
bar_bella,0.977
calle_estrecha,0.034
figura_religiosa,-0.031
sinfonía_pastoral,0.003
grupo_popular,0.004
monumento_religioso,-0.02
hermosa_iglesia,0.477
psiquiatrico_abandonado,-0.347
árbol_mágico,-0.031
edificio_abandonado,-0.347
fenomeno_natural,0.525
próxima_parada,-0.005
marionetas_gigantes,0.07
ropa_tradicional,0.625
hilo_luminoso,0.009
grande_lineas,0.165
seguridad_mujer,0.253
brazo_mayor,0.094
desaturación_parcial,0.088
punta_fria,-0.183
principios_activos,0.119
paisaje_contemporáneo,0.005
retrato_creativo,0.035
centro_industrial,0.079
cielo_sereno,1.168
mar_bravo,-0.293
arquitectura_ornamental,0.07
cielo_estrellado,-0.141
dientes_picados,0.008
artesano_medieval,-0.005
regalos_originales,-0.031
mar_brava,-0.144
llaves_antiguas,0.021
cuidado_medioambiente,-0.315
gran_balcón,0.04
escultura_contemporÁnea,0.003
modelos_guapas,0.238
gente_alegre,1.648
costa_salvaje,-0.043
flora_salvaje,-0.074
cultura_ambiental,-0.008
trio_maravilla,1.229
amiga_linda,0.336
mujer_feliz,1.398
cielo_bonito,1.727
payaso_triste,-1.092
ciudad_imperial,0.028
escultura_funeraria,-0.062
tamaño_real,0.028
ojo_magico,0.551
santa_sangre,0.062
líneas_paralelas,-0.015
salto_radical,0.014
ambiente_interior,0.004
buda_oro,0.747
parque_monumental,0.094
retoque_natural,0.224
cursos_cortos,-0.076
torre_capital,0.088
colibrí_común,-0.041
perro_chico,0.665
sistema_integral,0.095
daño_ecologico,-0.186
pequeña_iglesia,-0.656
via_seca,-0.114
piso_natural,0.224
mosca_azul,0.25
vieja_locomotora,0.021
cultura_joven,0.556
pueblos_vivos,0.051
cono_helado,0.017
efecto_visual,-0.093
patio_loco,-0.127
exterior_patio,0.129
mujer_anciana,0.75
reflejos_dorados,0.123
infinita_tristeza,-0.628
pata_grande,0.421
fútbol_amistoso,0.062
mano_falsa,-0.656
natureza_linda,0.16
altas_cumbres,0.025
museo_viejo,0.543
mundo_claro,0.668
cobre_natural,0.447
comida_natural,0.942
teatro_antiguo,-0.004
santa_catolico,0.062
mirada_triste,-1.067
hombre_loco,-0.25
puerto_alegre,0.649
pájaro_muerto,-0.974
baile_moderno,0.018
edad_medieval,-0.003
solitaria_serie,-0.066
valle_frio,-0.216
bellas_piernas,0.539
alto_retrato,0.025
cuidado_personal,0.05
animal_salvaje,-1.684
final_camino,-0.065
exposición_industrial,0.039
experimentos_físicos,-0.001
helecho_seco,-0.057
gran_altura,-0.25
pelo_malo,-0.357
contrataciones_directas,0.05
falso_mosaico,-1.146
rio_sereno,-0.024
gran_esfinge,0.115
pueblo_histÓrico,0.57
teatro_experimental,0.042
casa_principal,1.021
hermosas_nubes,0.977
turismo_nacional,0.002
papel_antiguo,0.021
teatro_medieval,-0.003
papel_recortado,0.011
mala_idea,-0.714
bosque_verde,0.125
medieval_montaña,-0.003
monumento_histórico,0.075
música_conceptual,0.231
vestimenta_informal,-0.193
mundo_joven,1.019
máscara_neutra,-0.156
viejos_recuerdos,0.146
joven_guapa,1.495
aguas_santas,0.062
oficial_militar,0.125
gente_feliz,1.398
construcciones_modernas,0.018
pena_mayor,0.094
campamento_cristiano,0.07
sala_tropical,-0.021
mar_antiguo,-0.013
mujer_triste,-1.036
calle_mojada,-0.003
dios_desnudo,-0.031
mirada_desafiante,-0.047
aldea_medieval,-0.003
copa_mundial,-0.141
isla_baja,-0.014
paraiso_mediterraneo,0.812
tarde_lluviosa,-0.031
objeto_perdido,-0.839
bonito_perro,1.074
pelo_ondulado,-0.008
ciudad_sagrada,0.062
camino_sinuoso,-0.004
área_protegida,-0.281
paisaje_nevado,0.026
cortijo_abandonado,-0.347
linda_mirada,0.32
teatro_abierto,-0.053
patito_feo,-0.418
historia_antigua,-0.004
elemento_humano,0.25
campo_profesional,1.013
pasto_congelado,-0.119
fiesta_amigos,1.75
libro_religioso,-0.02
relato_corto,-0.426
collar_dorado,-0.004
mejores_paisajes,0.531
día_especial,0.022
asamblea_popular,0.004
tren_antiguo,0.021
alfombra_floral,0.003
mejores_amigos,1.562
cirugía_plástica,0.042
zona_historico,0.035
restaurante_antiguo,-0.02
gran_fondo,0.231
playa_salvaje,-0.043
baño_sagrado,0.125
pintura_artistica,0.885
torre_fuerte,0.258
bolivar_fuerte,0.127
pueblos_bonitos,0.121
gente_joven,1.019
soñador_solitario,-0.555
río_bonito,0.363
guerra_económica,0.062
pintura_creativa,0.57
ojos_grandes,0.484
pechos_grandes,0.148
camino_largo,-0.042
gran_mercado,0.04
vivienda_informal,-0.006
filosofía_contemporánea,0.01
vacas_flacas,-0.312
medio_rural,-0.022
densidad_neutra,-0.076
chico_rico,1.136
partido_popular,0.008
pico_mediano,-0.031
cuentos_chinos,-0.062
cielo_dorado,1.247
danzas_tradicionales,0.062
libros_antiguos,0.021
rosas_bonitas,-0.004
precioso_paisaje,0.477
buen_camino,0.125
decoración_exterior,0.196
gran_ventana,0.04
perspectiva_larga,-0.021
cielo_raro,1.094
templo_antiguo,-0.008
iglesia_barroca,-0.523
retrato_espontaneo,-0.082
protección_menores,-0.135
arquitectura_funcional,0.033
instinto_salvaje,-0.043
ojos_brillantes,0.207
catedral_ortodoxa,0.161
teléfono_antiguo,0.021
cachorro_grande,1.33
bronce_antiguo,-0.013
guarda_popular,0.004
tarjeta_magnética,0.129
muñeca_triste,-0.518
perro_curioso,-0.042
iluminacion_industrial,0.078
persona_mayor,0.635
energía_limpia,0.211
bombilla_incandescente,0.047
certificación_ambiental,-0.008
comunidades_vulnerables,0.021
arquitectura_natural,0.224
experimental_media,0.042
tucán_grande,0.165
niño_pobre,-0.598
corrientes_circulares,0.011
reales_alcazares,-0.009
institucionalidad_democrática,0.058
finca_ecológica,0.044
oveja_muerta,-0.211
estado_asesino,-0.375
globo_celeste,0.042
vehiculo_clasico,0.039
projeto_especial,0.006
amor_brutal,-1.008
preciosa_sonrisa,0.493
micro_relato,-0.07
camino_primitivo,-0.002
corriente_electrica,-0.036
pequeño_detalle,-0.111
aves_salvaje,-0.021
urbanismo_sostenible,0.196
calle_feliz,0.901
estatua_viviente,0.051
cartel_antiguo,0.053
oficina_portátil,0.015
lugar_comun,0.02
seguro_coche,1
paisaje_terrestre,0.013
perro_peluche,-0.07
mundo_oscuro,-0.374
momento_mágico,-0.062
joven_modelo,0.549
exposición_arte,0.25
catedral_antigua,0.074
mundo_mejor,1.523
flores_naturales,-0.026
gran_danés,0.115
gestión_ambiental,-0.004
tarabilla_comun,-0.041
ilustracion_grande,0.165
rio_misterioso,-0.019
corona_real,0.059
ojos_vendados,-0.5
animal_exótico,0.125
escenario_natural,0.224
final_feliz,0.449
autos_antiguos,0.021
casas_abandonadas,0.028
antiguo_castillo,-0.004
gato_bonito,0.74
gente_pequeña,-0.111
modelo_guapa,1.007
lugar_mágico,-0.031
voto_consciente,0.164
antiguo_hospital,0.043
marea_baja,-0.027
nacimiento_real,-0.009
mano_alzada,-0.125
príncipe_encantado,0.852
estudiantes_secundarios,-0.166
escuela_cristiana,0.035
informe_económico,0.031
bonitas_vistas,0.238
isla_bella,0.238
cocina_saludable,0.339
vieja_señora,0.048
girasol_ornamental,0.07
musica_tradicional,0.278
vino_divino,0.097
acoso_sexual,0.068
joyas_grandes,0.346
templo_catolico,0.098
celebración_alegre,0.438
dulces_caramelos,0.195
acción_católica,0.211
mujer_madura,0.519
gota_fria,-0.091
expresión_creativa,0.07
comunidades_étnicas,-0.098
publicidad_interior,0.004
pueblos_nativos,0.002
política_fiscal,0.031
experiencia_sonora,0.161
belleza_estÉtica,1.573
ciudadela_medieval,-0.003
comida_perro,0.745
revolución_popular,0.013
pintura_moderna,0.537
niño_solitario,-0.555
papel_quemado,-0.17
sentido_común,-0.081
teatro_clásico,0.022
enfermedad_mental,-1.544
villano_favorito,-0.5
acto_final,-0.143
perro_triste,-1.036
estructura_exterior,0.196
energía_inteligente,0.206
medio_pelo,-0.656
regalo_especial,1.049
linda_calle,0.323
madera_policromada,0.125
manzano_histórico,0.035
isla_mágica,-0.031
campaña_presidencial,-0.015
numero_unico,0.098
formación_artística,0.588
hermosa_flor,1.524
gente_fea,-0.336
armadura_medieval,-0.01
restaurante_popular,0.508
cosas_raras,0.094
fisica_teorica,0.004
mar_transparente,0.109
buen_trato,0.353
fuerte_oleaje,0.127
regalo_divertido,1.192
nombre_científico,0.015
reflejo_dorado,0.257
mayores_activos,1.078
día_radiante,0.528
mesa_móvil,0.004
dias_tristes,-0.268
regalo_unico,1.134
hermosa_mirada,0.477
minero_grande,0.125
orientación_sexual,0.078
camino_transversal,-0.098
barrio_gótico,-0.084
selva_grande,0.125
rio_sagrado,0.07
reflejos_nocturnos,0.004
gran_reserva,0.16
mano_gigante,0.668
trabajo_terminado,0.064
innovación_educativa,0.078
cuidados_intensivos,0.057
gente_tranquila,-0.115
isla_fuerte,0.127
vestido_largo,-0.042
tranquila_mente,-0.115
fÚtbol_real,-0.009
récord_mundial,-0.141
broche_original,-0.031
pajaro_muerto,-0.974
niña_guapa,0.98
fenómeno_natural,0.525
onda_grande,0.298
animal_grave,-2.597
sombras_largas,-0.021
ser_real,-0.009
video_oficial,0.132
iluminacion_natural,0.487
aves_amenazadas,-0.031
parajes_naturales,-0.026
ruiseñor_común,-0.041
matrimonio_ecologico,-0.07
fiesta_tropical,-0.043
paseo_hermoso,0.977
región_capital,0.083
isla_solitaria,-0.028
final_mundial,-0.07
cruda_realidad,-0.305
sonrisa_encantadora,0.836
cielo_despejado,1.168
vestido_niña,0.25
lugar_sagrado,0.07
creacion_artistica,0.193
dibujo_artístico,0.193
reunión_plenaria,0.156
composición_visual,-0.035
feliz_cumpleaños,0.449
pasta_fresca,-0.105
costa_cálida,1.02
textura_natural,0.494
retrato_casual,-0.094
gran_guerra,0.229
mundo_moderno,0.537
edificio_religioso,-0.01
gran_cascada,0.353
barrio_gótico,-0.084
certificación_negativa,-0.429
patrimonio_mundial,-0.141
mayor_amor,1.79
cachorro_loco,-0.253
ganaderia_extensiva,0.024
aviso_publicitario,-0.094
buenos_deseos,0.353
mano_abierta,-0.106
feliz_aniversario,0.449
cuello_roto,-0.155
agua_congelada,-0.239
campanario_romanico,0.005
cuadros_artisticos,0.193
casco_medieval,-0.003
bosque_escondido,-0.138
cielo_encapotado,-0.25
cultura_tradicional,0.181
fruta_podrida,-0.115
auto_clasico,0.039
puerta_medieval,-0.003
escalera_principal,0.011
pequeño_planeta,-0.078
líderes_religiosos,-0.01
semaforo_peatonal,-0.043
orden_religiosa,-0.02
paraíso_tropical,-0.043
areas_protegidas,-0.281
musica_tropical,-0.043
automóviles_antiguos,0.021
fervor_religioso,-0.02
paisajes_interesantes,0.07
actividades_económicas,0.562
tio_bueno,0.25
ceramica_antigua,-0.008
cultura_nativa,0.06
feria_medieval,-0.005
guía_oficial,0.266
retrato_artístico,0.193
grande_sacrificio,0.492
coronación_canónica,-0.004
frutos_secos,-0.282
gente_amable,1.125
buenos_amigos,1.205
seguridad_personal,0.053
casa_misteriosa,-0.039
mar_plateado,0.035
niño_muerto,-0.961
medicina_estética,0.401
gran_hotel,0.729
caminos_naturales,-0.026
mayor_dolor,0.188
aldea_feliz,0.449
sentimientos_encontrados,-0.023
casa_antigua,1.043
casco_histórico,0.14
momento_perfecto,1.774
maquillaje_natural,0.224
plaza_recoleta,-0.156
batería_real,0.029
expedicion_extrema,-0.007
bosques_naturales,-0.026
puerta_baja,-0.014
hermosa_naturaleza,2.027
día_normal,-0.004
acoso_escolar,-0.468
contaminación_medioambiental,-1.503
festival_macabro,-0.164
efecto_texturado,0.016
alma_desnuda,-0.015
palacio_presidencial,-0.031
alto_voltaje,0.025
rio_salado,-0.281
vistas_aéreas,-0.019
movilidad_sustentable,1.625
joven_emprendedor,0.26
luces_cruzadas,-0.098
cielo_cubierto,-0.25
pantalon_corto,-0.125
falso_azafrán,-0.375
parte_antigua,0.086
luces_artificiales,-0.104
amores_imposibles,-0.104
eterna_primavera,1.039
embarazada_panza,-0.039
animal_silvestre,-1.684
hora_magica,-0.031
sendero_verde,0.125
muchacha_linda,0.823
maravillas_naturales,-0.026
centro_operativo,0.017
comercio_exterior,0.232
bosque_pequeño,-0.078
reserva_ambiental,-0.008
espacio_interior,0.306
amistad_feliz,0.914
angel_feliz,1.402
negocios_sucios,-0.275
parque_llano,-0.021
cielo_luminoso,1.019
villa_elegante,0.341
verdad_oficial,1.429
naturaleza_esencial,1.666
desarrollo_sustentable,0.196
cajas_móviles,0.065
poemas_inÉditos,-0.008
castillo_interior,0.014
detergente_líquido,0.018
futuro_primitivo,0.004
arquitectura_joven,0.26
lago_helado,0.131
perro_lindo,0.641
alojamiento_temporal,0.112
literatura_barata,0.75
calabaza_gigante,0.07
jardín_medieval,-0.003
pueblo_perdido,-0.83
festival_real,0.029
iglesia_gótica,-0.581
cielo_divino,1.193
contaminacion_luminica,-1.509
linda_flor,1.367
animal_doméstico,0.003
historia_medieval,-0.003
bella_naturaleza,2.027
playa_dorado,1.747
comida_popular,0.503
puerto_natural,0.224
lugares_abandonados,0.028
niño_joven,0.531
retrato_antiguo,-0.013
economía_productiva,0.293
plaza_vieja,0.018
barroco_bar,-0.023
niña_mala,-0.714
pintura_vieja,0.543
tricolor_futbol,0.008
antiguo_museo,0.543
joven_actor,1.019
monedas_antiguas,-0.004
monterrey_antiguo,-0.01
baja_intensidad,-0.031
niño_pequeño,-0.111
botella_antigua,0.021
muelle_viejo,0.021
floresta_tropical,-0.021
seda_natural,0.947
cielo_extraño,-0.005
hermosa_muchacha,0.98
arquitectura_contemporánea,0.003
lindo_guapo,1.64
flor_generica,-0.036
perro_feliz,1.219
manto_real,0.029
mejor_ciudad,0.531
museo_contemporaneo,0.505
ala_antigua,0.021
vino_fino,0.078
espacio_creativo,0.568
guitarra_bajo,0.094
purÍsima_concepción,0.051
conejo_loco,-0.253
calle_grande,0.333
pinturas_eroticas,0.196
gato_lindo,0.818
arquitectura_sostenible,0.196
estilo_barroco,-0.046
fortaleza_medieval,-0.003
antiguo_matadero,-0.01
música_clásica,0.197
vehículos_antiguos,0.068
terraza_grande,0.165
vista_interna,0.05
mosca_muerta,-0.105
auto_antiguo,0.021
entrada_baja,-0.014
educación_especial,0.099
hombre_pobre,-0.612
teatro_grotesco,0.004
entrada_principal,0.011
suelo_antiguo,0.043
minorías_étnicas,-0.098
carnaval_musical,0.133
fuente_natural,0.224
buen_rato,0.786
mejor_equipo,0.531
nube_solitaria,-0.17
energía_eléctrica,-0.073
casa_pobre,-0.612
teatro_barroco,-0.011
propuesta_literaria,0.011
gran_depresión,0.229
vista_media,-0.116
día_lluvioso,-0.062
productos_plásticos,0.042
carretera_vieja,0.021
album_antiguo,0.021
trenes_viejos,0.021
encuentro_deportivo,0.019
extraños_seres,-0.003
atardecer_dorado,0.123
noche_muertos,-0.229
postre_típico,0.044
barrio_historico,0.195
centro_ambiental,-0.008
escalera_real,0.079
teatro_contemporáneo,0.003
isla_artificial,-0.104
iglesia_vieja,0.043
futuro_incierto,-0.065
aventura_extrema,-0.004
aula_prática,0.044
hermoso_lugar,0.488
tarta_original,-0.062
cultivo_natural,0.224
mujer_gorda,0.697
cielo_amenazador,-0.281
moda_chic,0.312
artesanía_tradicional,0.062
noticias_económicas,0.112
circo_musical,0.591
grande_duelo,0.148
pino_seco,-0.057
ambiente_futuro,0.004
television_cristiana,0.035
paisaje_industrial,0.078
gato_silvestre,-0.047
mundo_extraño,-0.005
busto_natural,0.467
visita_real,0.029
barranco_grande,0.148
tela_especial,0.006
almas_especiales,0.006
torre_electrica,0.013
ciudad_preciosa,0.238
gran_grupo,0.04
popular_tradicional,0.133
antigua_hotel,0.543
árboles_tropicales,-0.021
alas_rotas,-0.03
campo_sagrado,1.141
mejores_resultados,0.531
profundidad_baja,0.141
cero_alegre,1.118
danza_contemporanea,0.003
intercambio_educativo,0.031
sol_brillante,1
programa_ambiental,-0.004
noche_bohemia,-0.041
arquitectura_religiosa,-0.01
mujer_activa,0.739
perro_veloz,0.329
nubes_raras,0.633
trigo_integral,0.057
lugar_solitario,-0.278
archivo_abierto,-0.053
denuncias_falsas,-0.194
universo_feminino,-0.031
mercado_viejo,0.021
magia_infantil,-0.062
forma_natural,0.25
mayores_club,0.137
ventana_rota,-0.03
piel_joven,1.328
equipo_oficial,0.132
mundial_fútbol,-0.07
ley_ambiental,-0.008
pequeños_pájaros,-0.078
mejor_atención,1.023
pueblo_real,-0.019
mujer_morena,-0.062
bosque_magico,0.219
mensajes_positivos,0.052
nieve_profunda,1.05
danzas_autóctonas,0.002
alta_plana,0.049
escultura_gigante,0.07
casa_fuerte,1.253
diseños_originales,-0.031
grandes_lineas,0.159
bosque_oscuro,-0.187
elementos_exterior,0.25
musica_religiosa,-0.02
feliz_noche,0.449
sonrisa_hermosa,0.493
ojos_pintados,-0.02
comida_tipica,0.584
hombre_perdido,-0.83
árboles_desnudos,-0.068
camara_clasica,0.044
gato_curioso,-0.042
mar_salvaje,-0.048
fuente_mayor,0.025
tango_querido,0.094
mercado_ecológico,0.044
centro_popular,0.015
efecto_ambiental,-0.031
niebla_baja,-0.014
medio_real,0.014
libro_gigante,0.641
sol_dorado,1.25
distancias_medias,-0.022
última_hora,-0.026
turismo_activo,0.119
playa_tranquila,-0.115
reserva_ecológica,-0.07
trailer_oficial,0.132
libre_disposición,0.394
molino_abandonado,-0.347
alto_horizonte,0.053
caras_raras,0.078
roca_alta,0.056
grandes_galerias,0.165
playas_limpias,0.059
insecto_raro,0.133
bellas_edecanes,0.238
mano_fresca,0.592
historia_natural,0.224
fiesta_típica,1.589
cambio_verdadero,-0.978
hermoso_atardecer,0.488
centro_experimental,0.084
alma_perdida,-0.29
ideas_originales,-0.031
árbol_seco,-0.057
personas_desvalidas,-0.263
encuadre_original,-0.062
ecosistemas_naturales,-0.026
alto_relieve,0.07
iglesia_principal,0.021
normal_sistema,-0.004
fiesta_mundial,-0.141
cuentos_clásicos,0.039
piazza_pomposa,-0.105
villa_triste,-0.518
montañas_nevadas,0.013
templo_religioso,-0.02
renovación_absoluta,0.302
muchacha_desconocida,-0.231
pequeño_negocio,-0.156
pequeños_mundos,-0.078
casa_pequeña,-0.156
piano_grande,0.457
perros_graciosos,-0.047
puerta_grande,0.125
monumentos_naturales,-0.026
turismo_religioso,-0.01
actividades_productivas,0.793
alto_nivel,0.098
establecimiento_educativo,0.015
amor_intenso,1.67
labios_ardientes,0.008
bellezas_naturales,-0.026
edificio_historico,0.035
gran_madre,1.729
gran_faro,0.115
grupo_pesado,-0.013
retrato_ambiental,-0.004
alto_lario,0.025
mujer_maravilla,1
amapola_real,-0.009
animales_fantásticos,0.062
día_mágico,-0.062
santa_corona,0.125
pintura_medieval,-0.005
mujer_solitaria,-0.055
situación_especial,0.013
sublime_terror,0.336
día_oscuro,-0.374
nombre_real,-0.009
memoria_joven,1.022
árboles_nativos,0.002
energía_positiva,0.198
adulto_joven,0.734
linda_noche,0.503
ballet_contemporáneo,0.003
historia_santa,0.062
sesión_ordinaria,0.004
agrupación_musical,0.067
alma_ausente,-0.074
bella_brisa,1.485
fachada_pintada,-0.145
regalo_diferente,1.055
caballeros_legionarios,-0.008
agua_rica,1.127
revista_antigua,0.021
joyería_artística,0.193
altas_temperaturas,0.025
mesa_simple,0.13
historia_moderna,0.018
espejo_antiguo,-0.026
Última_cena,-0.068
papa_grande,0.165
real_fuerza,-0.019
linda_sonrisa,0.336
casa_medieval,-0.005
puerta_real,0.014
nubes_extrañas,-0.005
baja_velocidad,-0.027
combustion_espontanea,-0.185
obra_estratégica,0.01
regalo_creativo,1.106
temporal_nieve,1.094
churros_rellenos,-0.035
mujer_guapa,1.477
obras_raras,0.164
problema_económico,0.062
mujer_vieja,0.543
celebracion_religiosa,-0.02
árboles_gigantes,0.07
perro_ciego,-0.771
gran_carnaval,0.046
niño_hermoso,0.981
familias_especiales,0.006
árboles_nevados,0.013
caos_real,-1.05
niÑa_triste,-1.036
voto_voluntario,0.055
trazado_ortogonal,-0.058
mamíferos_silvestres,-0.021
dias_muertos,-0.105
playa_escondido,-0.276
cielo_abierto,-0.106
barrio_viejo,0.043
amigos_trabajo,0.125
jardín_histórico,0.035
cadaver_exquisito,0.672
precioso_lugar,0.238
violencia_doméstica,0.003
productos_naturales,-0.026
obra_original,-0.062
ciudad_hermosa,0.238
isla_santa,0.062
lago_artificial,-0.208
gente_hermosa,0.977
naturaleza_profunda,1.68
arquitectura_tradicional,0.062
casa_alegre,2.227
plantas_secas,-0.035
escultura_plástica,0.042
obras_inconclusas,-0.281
medicina_preventiva,0.204
momento_feliz,1.479
retrato_natural,0.224
largo_viaje,-0.021
agrupacion_musical,0.067
zona_baja,0.125
mundial_hockey,-0.07
abusos_sexuales,0.068
espacio_educativo,0.529
medicina_naturales,-0.053
manos_brillantes,0.281
plaza_medieval,-0.005
portatil_mujer,0.531
solo_gotas,-0.25
expresión_popular,0.008
ciudad_bella,0.238
uñas_pintadas,-0.01
personas_desaparecidas,-0.285
comunicación_popular,0.013
agua_calientes,1.037
especies_amenazadas,-0.391
lindo_día,0.512
coche_clásico,0.578
gansos_silvestres,-0.021
arte_pintor,0.25
planta_potabilizadora,-0.014
mirada_feliz,0.898
casa_feliz,1.898
grande_centro,0.331
pueblo_criminal,-1.026
arquitectura_moderna,0.018
festival_literario,0.011
sol_ideal,1.191
agua_celeste,1.086
paisajes_celestes,0.042
cuerpos_desnudos,-0.015
pueblo_grande,0.979
pueblo_fiel,0.51
cádiz_antiguo,0.021
arte_cultura,0.556
animales_silvestres,-1.543
calle_solitaria,-0.055
desarrollo_económico,0.031
ave_exótica,0.125
chica_guapa,-0.008
discos_buenos,0.353
paisaje_romántico,0.078
arredamento_moderno,0.018
ave_exótico,0.125
carne_cruda,-0.183
pueblos_jóvenes,0.009
triste_espera,-1.052
hospital_abandonado,-1.672
claustro_mayor,0.196
playa_pequeña,-0.156
agua_limpia,-0.105
tiempo_libre,0.25
sueño_perdido,-0.83
estado_fallido,-0.25
historia_corta,-0.176
ingenierÍa_industrial,0.039
calles_vacías,0.07
puerta_rota,-0.03
amor_profundo,1.652
pueblo_antiguo,-0.008
regalo_original,-0.062
isla_tropical,-0.021
chico_raro,1.097
ave_predadora,0.016
bella_muerte,0.477
elefante_elegante,0.341
grande_área,0.165
focal_fija,-0.088
hotel_rústico,0.505
estado_moderno,0.018
feliz_viaje,0.449
trato_justo,0.044
disfraz_medieval,-0.103
bandas_elásticas,0.039
hermosa_casa,1.484
arquitectura_tropical,-0.021
escuelas_mayores,0.008
niña_sonriente,0.112
formas_irregulares,-0.087
plano_perfecto,0.597
barco_abandonado,-0.695
hotel_tranquilo,0.27
cementerio_abandonado,-1.695
bosque_seco,-0.057
arbol_tenebroso,-0.07
gente_pobre,-0.612
casino_antiguo,0.021
agua_transparente,1.171
capitalismo_salvaje,-0.059
toma_directa,0.075
ejercicios_espirituales,0.01
mala_hostia,-0.72
edificio_industrial,0.039
proyecto_creativo,0.035
estreno_mundial,-0.07
mar_tranquilo,0.203
especie_invasora,0.043
fuente_monumental,0.188
gimnasia_rítmica,-0.125
grande_galeria,0.165
tiempo_loco,-0.253
mercado_antiguo,0.021
parque_historico,0.035
meses_lindo,0.16
ropa_mojada,-0.003
parque_industrial,0.039
perdida_mente,-0.58
arquitectura_original,-0.031
gente_real,-0.019
casa_tipica,1.089
ser_feliz,0.898
grandes_amigos,0.979
lugares_naturales,-0.026
arco_natural,0.224
distrito_histórico,0.195
laguna_redonda,0.024
planta_baja,0.744
chica_dura,-0.328
cielo_espectacular,1.09
fiesta_natural,1.947
parque_tropical,-0.021
cielo_falso,-1.138
boca_vieja,0.021
fuego_lento,-0.125
costa_real,1.007
bella_musica,0.63
paisaje_magico,0.438
flor_exterior,1.438
tormenta_electrica,0.008
enfoque_creativo,0.098
mercadillo_medieval,-0.003
calidad_baja,-0.027
edificios_comerciales,-0.094
colonia_abandonada,0.028
ave_muerta,-0.224
turismo_médico,0.008
sol_fuerte,1.256
costa_baja,1.188
espacio_profesional,0.511
mirada_joven,0.828
economía_global,-0.074
fiestas_tradicionales,0.062
planta_ornamental,0.625
amor_perdido,-0.83
paisaje_histórico,0.07
reserva_natural,0.25
accidente_aéreo,0.078
ventana_vieja,0.021
flor_tropical,-0.043
indignados_manifestación,-0.281
capital_humano,0.125
rango_dinámico,0.042
familia_saludable,2.178
área_ambiental,-0.004
ciudad_educativa,0.015
metal_sinfónico,0.015
carolina_grande,0.165
desarrollo_productivo,0.146
deterioro_medioambiental,-0.008
sincretismo_religioso,-0.01
lugar_famoso,0.07
elección_presidencial,-0.031
construcción_eficiente,0.062
grupo_real,-0.009
fuente_milagrosa,0.305
mobiliario_antiguo,-0.013
capitalismo_global,-0.031
dibujo_automático,-0.044
psicópata_asesino,-0.571
historia_clínica,0.034
eco_sostenible,0.196
iconografía_medieval,-0.003
corriente_eléctrica,-0.036
día_frío,-0.183
dedo_vendado,-0.07
video_interactivo,0.031
revolución_democrática,0.12
mano_derecha,0.726
arquitectura_comercial,-0.094
gato_gordo,-0.053
perro_loco,-0.242
ciudad_histórica,0.035
aperitivos_visuales,-0.035
peinados_raros,-0.002
nariz_grande,0.314
agricultura_natural,0.224
sonora_radio,0.821
lugar_favorito,0.035
encuadre_natural,0.509
edificio_viejo,0.021
rosa_marchita,0.059
animales_fabulosos,0.229
mucha_mierda,0.215
tango_tradicional,0.062
santa_iglesia,0.125
mar_dorado,0.247
católica_religiosa,0.098
real_mente,-0.019
intervención_artística,0.385
cachorro_tierno,1.82
muerto_viviente,-1
violencia_sexual,0.068
coches_históricos,0.035
letrero_antiguo,0.053
interior_comercial,0.004
divino_tesoro,1.271
campo_nativo,1.004
carro_antiguo,-0.013
trabajo_final,-0.13
religion_cristiana,0.035
mal_elemento,-0.745
edificio_principal,0.011
mensajes_bonitos,0.377
pueblo_bello,0.977
auto_joven,0.26
casa_abandonado,-0.695
mundo_espiritual,0.52
mÚsica_arte,0.653
lugar_ecologico,-0.035
rueda_libre,0.25
sorpresa_caliente,0.534
cuidado_parental,-0.307
pintores_contemporaneos,0.003
niña_linda,0.323
pared_vieja,0.043
fábrica_abandonada,0.028
pequeño_arbol,-0.078
gente_sentada,-0.281
tren_quemado,0.008
río_claro,0.084
medalla_milagrosa,0.152
cuerpo_desnudo,-0.031
montaña_magica,-0.031
recursos_estratégicos,0.004
crecimiento_económico,0.062
publicidad_comercial,-0.094
pequeño_corazón,-0.156
chica_morena,-0.062
ave_tropical,-0.056
tiempo_pequeño,-0.156
educación_física,-0.002
niño_grande,0.308
protección_ambiental,-0.073
energia_inteligente,0.27
educación_superior,0.18
familia_linda,1.82
pequeño_leon,-0.078
perro_viejo,0.364
canteras_gran,0.04
niña_triste,-1.036
turismo_natural,0.25
desequilibrio_mental,-0.114
antigua_locomotora,0.021
frente_amplio,0.068
bicho_feo,-0.858
mar_picado,-0.067
gomas_elásticas,-0.125
ilustración_infantil,0.449
nacimientos_tradicionales,0.062
bella_modelo,0.507
buenos_hábitos,0.353
animales_graciosos,-1.594
arquitectura_histórica,0.035
perros_abandonados,0.028
pueblo_tranquilo,0.635
plan_especial,0.006
música_mundial,-0.141
alimentación_natural,0.447
lugar_pacífico,0.031
mala_calidad,-0.612
viaje_oficial,0.263
espacio_vacío,-0.125
hombres_guapos,0.285
paisajes_lindos,0.238
adelgazante_natural,0.224
gansos_salvajes,-0.021
vieja_usina,0.043
familia_natural,1.947
retrato_espontáneo,-0.082
evento_típico,0.044
feliz_día,1.407
objetos_perdidos,-0.91
agua_cerrada,-0.141
ciudad_posible,0.172
puerto_comercial,-0.094
mala_noche,-0.732
gran_paseo,0.229
animales_callejeros,-1.977
triste_mente,-1.036
muralla_cristiana,0.07
voto_inteligente,0.179
buen_plan,0.353
bosque_frondoso,-0.052
temas_anticipados,0.031
burgo_medieval,-0.003
lugar_historico,0.035
niño_perdido,-0.83
cementerio_ilustres,0.141
perro_malo,-0.714
catástrofe_natural,0.447
paisaje_rocoso,-0.274
popular_morro,0.026
mundo_cristiano,0.57
mundo_encantado,1.141
chica_perdida,-0.58
pequeño_desastre,-1.786
punta_larga,-0.042
fuente_ornamental,0.141
retrato_clasico,0.039
paisaje_tropical,-0.059
arco_magico,0.219
perfil_especial,0.016
manzana_podrida,-0.115
juguetes_antiguos,0.021
manos_libres,0.125
trabajo_práctico,0.068
natural_chica,0.45
fé_popular,0.004
riesgo_eléctrico,0.004
paisaje_artificial,-0.224
futbol_amateur,0.031
ciudad_visual,-0.035
catedral_medieval,-0.005
perro_enfermo,-0.964
bahía_feliz,0.898
corte_real,0.059
moda_comercial,-0.188
pequeña_gruta,-0.078
niño_feliz,0.902
lucha_medieval,-1.018
lugar_magico,0.219
montaña_mágica,-0.031
consumo_inteligente,0.056
muñeca_rota,-0.03
poesía_plástica,0.083
barca_abandonada,0.028
pisos_compartidos,0.004
protesta_popular,0.004
ciclogénesis_explosiva,-0.042
muñeco_diabolico,-0.324
pico_grande,0.125
silla_vieja,0.021
plaza_principal,0.023
soldado_desconocido,-0.116
playa_real,-0.019
palacio_medieval,-0.005
mujer_moderna,0.537
sistema_democrático,0.127
arquitectura_medieval,-0.003
calles_empinadas,-0.07
voces_musicales,0.067
crisis_económica,0.062
vehículo_antiguo,0.021
conjunto_histórico,0.14
parque_lineal,0.006
zona_protegida,-0.281
río_limpio,0.059
pinturas_interiores,0.014
reserva_especial,0.093
zona_popular,0.004
universidad_católica,0.098
árboles_floreados,0.008
libertad_creativa,1.578
vibración_sonora,0.161
gracias_amigos,0.125
copa_grande,0.165
barco_solitário,-0.01
divino_amor,1.795
alto_parana,0.025
aguas_tranquilas,-0.024
dorado_viejo,0.29
musica_original,-0.062
mar_infinito,-0.06
productos_natural,0.224
edificio_histórico,0.035
teatro_clasico,0.022
recursos_naturales,-0.026
desarrollo_sostenible,0.196
comisión_bilateral,-0.005
vista_grande,0.266
niños_pobres,-0.181
salud_ambiental,-0.008
hermoso_amanecer,2.477
mujer_salvaje,-0.043
broche_colgante,-0.031
comercio_informal,-0.012
madre_feliz,2.398
granada_antigua,-0.52
perrito_bonito,0.121
divino_niño,0.197
gato_enojado,-0.292
flor_muerta,-0.211
palacio_grande,0.796
dulces_sueños,0.457
mirada_fiel,0.13
perspectiva_corta,-0.076
ojos_bonitos,0.43
música_popular,0.161
canal_mayor,0.025
mural_participativo,0.008
chicas_locas,-0.002
viajes_locos,-0.003
muñeca_abandonada,0.028
musica_antigua,-0.008
carnaval_tropical,-0.1
navidad_hermosa,0.977
misterios_dolorosos,-0.281
obras_arte,0.531
gran_duque,0.457
torneo_medieval,-0.003
larga_expocision,-0.021
preparación_espiritual,0.022
coches_clásicos,0.039
peña_santa,0.132
taller_industrial,0.039
pintura_plastica,0.583
dolor_cabeza,-1.066
centro_contemporaneo,0.006
musica_triste,-1.036
calle_peatonal,-0.047
mirada_baja,0.237
lugar_lindo,0.252
colgante_plata,0.018
cirugia_plastica,0.083
furia_paranoica,-0.621
viejo_vagon,0.021
historia_popular,0.004
sexy_pelirroja,1.391
toma_lenta,-0.062
cirugia_estetica,0.07
lagunas_saladas,-0.281
jardines_reales,0.029
tren_historico,0.035
bella_mente,1.035
atención_médica,0.016
buen_clima,0.353
verano_pasado,-0.034
postal_antigua,0.021
linda_bien,-0.008
museo_interactivo,0.562
falsa_alarma,-0.388
naturaleza_mágica,-0.062
escenas_bíblicas,0.004
coche_abandonado,-0.695
casas_maravillosas,0.281
acoso_laboral,-0.468
novia_joven,1.019
niño_gordo,-0.053
niñas_lindas,0.16
cuentos_infantiles,-0.125
mundo_real,-0.019
servicio_médico,0.008
vivienda_sostenible,0.196
gran_capitan,0.249
producto_nacional,0.002
patrimonio_religioso,-0.02
orejas_largas,-0.021
feliz_primavera,1.898
realidad_aumentada,-0.25
tarde_feliz,0.449
producción_industrial,0.078
matrimonio_feliz,0.933
consciencia_ecológica,-0.07
patio_grande,0.165
cabina_estetica,0.035
mamíferos_domésticos,0.002
mala_manera,-0.125
paloma_muerta,-0.211
motor_electrico,-0.073
manos_fuertes,0.002
perrito_callejero,-0.238
exposición_permanente,-0.196
centro_administrativo,0.063
gran_océano,0.115
felices_fiestas,0.449
vista_alegre,1.227
palacio_gótico,-0.081
cesta_regalo,0.25
fuerza_natural,0.456
obra_literaria,0.023
antiguo_monasterio,-0.004
plaza_sonora,0.161
mujer_pensativa,-0.136
niña_preciosa,0.48
libro_cristiano,0.57
espectáculo_musical,0.266
perro_peludo,-0.117
arte_gótico,-0.081
paco_prieto,-0.029
cerveza_fria,-0.091
